freq,unit,mot_nrg,engine,geo\TIME_PERIOD	1970 	1975 	1979 	1980 	1981 	1982 	1983 	1984 	1985 	1986 	1987 	1988 	1989 	1990 	1991 	1992 	1993 	1994 	1995 	1996 	1997 	1998 	1999 	2000 	2001 	2002 	2003 	2004 	2005 	2006 	2007 	2008 	2009 	2010 	2011 	2012 	2013 	2014 	2015 	2016 	2017 	2018 	2019 	2020 	2021 	2022 	2023 
A,NR,DIE,CC1400-1999,AT	: 	: 	: 	: 	: 	: 	: 	: 	: 	: 	: 	: 	: 	: 	: 	: 	: 	: 	: 	: 	: 	: 	146817 d	155684 d	158020 d	158103 d	175893 	183821 d	: 	139508 	132001 	124222 	117739 	137282 	161650 	157799 	148732 	142434 	151225 	162344 	149980 	121008 	116686 	91970 	66672 	56687 	55645 
A,NR,DIE,CC1400-1999,BA	: 	: 	: 	: 	: 	: 	: 	: 	: 	: 	: 	: 	: 	: 	: 	: 	: 	: 	: 	: 	: 	: 	: 	: 	: 	: 	: 	: 	: 	: 	: 	: 	: 	: 	: 	: 	3375 	3389 	3146 	4273 	4513 	4465 	4106 	3059 	2900 	2645 	2612 
A,NR,DIE,CC1400-1999,BE	: 	: 	: 	: 	: 	: 	: 	: 	: 	: 	: 	: 	: 	: 	: 	: 	: 	: 	: 	: 	: 	: 	: 	: 	: 	: 	: 	245087 	260791 	280099 	291300 	315073 	273925 	328443 	: 	274119 	265841 	255701 	263051 	251173 	231725 	178651 	164802 	143054 	95822 	65550 	: 
A,NR,DIE,CC1400-1999,CH	: 	: 	: 	: 	: 	: 	: 	: 	: 	: 	: 	: 	: 	: 	: 	: 	: 	: 	: 	: 	: 	: 	: 	: 	: 	: 	: 	42515 	48165 	49100 	58300 	61600 	51500 e	62400 	75300 e	86300 	81336 	79089 	92336 	94116 	87773 	71414 	70843 	52168 	40286 	36445 	35748 
A,NR,DIE,CC1400-1999,CY	: 	: 	: 	: 	: 	: 	: 	: 	: 	: 	: 	: 	: 	: 	: 	: 	: 	: 	: 	: 	: 	: 	: 	: 	: 	: 	: 	: 	781 	875 	1541 	2631 	2938 	2980 	2525 	1883 	788 	2279 	3353 	4549 	4706 	4533 	4144 	2800 	1313 	417 	326 
A,NR,DIE,CC1400-1999,CZ	: 	: 	: 	: 	: 	: 	: 	: 	: 	: 	: 	: 	: 	: 	: 	: 	: 	: 	: 	: 	: 	: 	: 	: 	: 	: 	: 	: 	: 	: 	: 	: 	: 	: 	: 	: 	: 	: 	: 	: 	: 	: 	: 	: 	: 	40744 	46863 
A,NR,DIE,CC1400-1999,DE	: 	: 	: 	: 	: 	: 	: 	: 	: 	: 	: 	: 	: 	: 	: 	: 	: 	: 	: 	: 	: 	: 	: 	: 	: 	: 	: 	921058 	953694 	1019668 	998646 	913397 	804386 	868989 	1079139 	1091951 	1027556 	1073048 	1146031 	1170332 	1019577 	866997 	1004093 	757847 	549099 	522589 	576422 
A,NR,DIE,CC1400-1999,EE	: 	: 	: 	: 	: 	: 	: 	: 	: 	: 	: 	: 	: 	: 	: 	: 	: 	: 	: 	: 	: 	: 	: 	1255 	1243 	1540 	1549 	1911 	: 	3341 	4803 	3583 	2339 	2593 	4039 	4843 	5465 	5503 	5381 	4942 	5163 	5421 	5542 	4472 	4452 	3458 	3230 
A,NR,DIE,CC1400-1999,EL	: 	: 	: 	: 	: 	: 	: 	: 	: 	: 	: 	: 	: 	: 	: 	: 	: 	: 	: 	: 	: 	: 	1474 	1572 	1720 	1626 	3140 	: 	: 	: 	: 	: 	: 	: 	: 	: 	: 	: 	: 	: 	: 	: 	: 	: 	: 	: 	19320 
A,NR,DIE,CC1400-1999,ES	: 	: 	: 	: 	: 	: 	: 	: 	: 	: 	: 	: 	: 	: 	: 	: 	: 	: 	: 	: 	: 	: 	: 	: 	: 	: 	: 	: 	: 	881795 d	882729 d	638494 d	545385 d	568799 d	466161 d	401320 d	: 	498709 	569285 	621236 	594251 	498755 	409387 	308876 	248346 	190250 	172774 
A,NR,DIE,CC1400-1999,FI	: 	: 	: 	: 	: 	: 	: 	: 	: 	: 	: 	: 	: 	: 	: 	: 	: 	: 	: 	8638 d	9898 d	14291 d	16265 d	19148 d	12054 d	10989 d	14038 d	13852 d	: 	14506 d	20213 d	48211 d	27444 d	33084 	38985 	31297 	28658 	31775 	30874 	32334 	30807 	25076 	18966 	12080 	8429 	6194 	4399 
A,NR,DIE,CC1400-1999,FR	: 	: 	: 	: 	: 	: 	: 	: 	: 	: 	: 	: 	: 	: 	: 	: 	: 	: 	: 	: 	: 	622215 	808297 	913342 	1094583 	1076667 	1020011 	1038329 	1084979 	1069478 d	1161108 	1238404 	1238221 	1222936 	1258919 	1108659 	1014307 	990430 	974801 	945161 	935069 	800979 	736514 	529483 	392762 	268839 	206216 
A,NR,DIE,CC1400-1999,GE	: 	: 	: 	: 	: 	: 	: 	: 	: 	: 	: 	: 	: 	: 	: 	: 	: 	: 	: 	: 	: 	: 	: 	: 	: 	: 	: 	: 	: 	: 	: 	: 	: 	: 	: 	: 	: 	: 	: 	: 	108 	130 	60 	60 	217 	314 	348 
A,NR,DIE,CC1400-1999,HR	: 	: 	: 	: 	: 	: 	: 	: 	: 	: 	: 	: 	: 	: 	: 	: 	: 	: 	: 	: 	: 	: 	: 	: 	: 	: 	: 	: 	: 	: 	34309 	25295 	14865 	15433 	19725 	18278 	: 	: 	: 	: 	: 	: 	: 	: 	8626 	7548 	9049 
A,NR,DIE,CC1400-1999,HU	: 	: 	: 	: 	: 	: 	: 	: 	: 	: 	: 	: 	: 	: 	: 	: 	: 	: 	: 	: 	: 	: 	3640 	5763 	8135 	10375 	14148 	22550 	: 	24145 	27431 	46118 	: 	: 	16761 	18424 	20215 	23800 	25651 	29898 	31829 	27943 	28216 	28638 	23881 	17435 	16315 
A,NR,DIE,CC1400-1999,IE	: 	: 	: 	: 	: 	: 	: 	: 	: 	: 	: 	: 	: 	: 	: 	: 	: 	: 	: 	: 	: 	: 	: 	: 	: 	: 	: 	: 	: 	: 	: 	40013 	27210 	54924 	58335 	46886 	44253 	50377 	78266 	92526 	77240 	63305 	54925 	38941 	38101 	30043 	30707 
A,NR,DIE,CC1400-1999,IS	: 	: 	: 	: 	: 	: 	: 	: 	: 	: 	: 	: 	: 	: 	: 	: 	: 	: 	: 	: 	: 	: 	126 	107 	60 	92 	124 	329 e	1328 	: 	: 	: 	: 	: 	: 	: 	: 	: 	: 	: 	: 	: 	: 	: 	1585 	: 	: 
A,NR,DIE,CC1400-1999,IT	: 	: 	: 	: 	: 	: 	: 	: 	: 	: 	: 	: 	: 	: 	: 	: 	: 	: 	: 	: 	: 	: 	: 	: 	: 	761574 d	994796 d	1355963 d	1251477 d	1279553 d	1198415 d	954513 d	794727 	794846 d	849256 d	644373 	617719 	678226 	804665 	977056 	1044911 	924059 	736135 	475838 	377238 	301564 	331220 
A,NR,DIE,CC1400-1999,LI	: 	: 	: 	: 	: 	: 	: 	: 	: 	: 	: 	: 	: 	: 	: 	: 	: 	: 	: 	: 	: 	: 	: 	: 	: 	: 	290 	300 	: 	320 	350 	362 	269 	401 	456 	595 	577 	498 	644 	684 	596 	437 	500 	314 	257 	231 	213 
A,NR,DIE,CC1400-1999,LT	: 	: 	: 	: 	: 	: 	: 	: 	: 	: 	: 	: 	: 	: 	: 	: 	: 	: 	: 	: 	: 	: 	: 	: 	: 	: 	16552 d	19701 	28095 	43556 	66315 	56636 	50719 d	75017 	67595 	72679 	4427 b	4985 	5975 	6158 	6494 	6285 	6610 	: 	: 	2522 	2863 
A,NR,DIE,CC1400-1999,LU	: 	: 	: 	: 	: 	: 	: 	: 	: 	: 	: 	: 	: 	: 	: 	: 	: 	: 	: 	: 	: 	: 	: 	: 	: 	19418 	19117 	23774 	25864 	26806 	23272 	29098 	25507 	: 	: 	: 	: 	: 	: 	: 	: 	: 	: 	: 	13121 	10221 i	8202 
A,NR,DIE,CC1400-1999,LV	: 	: 	: 	: 	: 	: 	: 	: 	: 	: 	: 	: 	: 	: 	: 	: 	: 	: 	: 	: 	: 	: 	: 	: 	: 	: 	: 	: 	: 	: 	: 	: 	: 	: 	: 	: 	: 	4804 	4825 	5803 	5867 	5710 	6000 	4228 	3272 	2842 	2893 
A,NR,DIE,CC1400-1999,MD	: 	: 	: 	: 	: 	: 	: 	: 	: 	: 	: 	: 	: 	: 	: 	: 	: 	: 	: 	: 	: 	: 	: 	: 	: 	: 	: 	: 	: 	: 	: 	: 	: 	: 	: 	: 	: 	6636 	4232 	4068 	13618 	8505 	11760 	11919 	15288 	13153 	19679 
A,NR,DIE,CC1400-1999,ME	: 	: 	: 	: 	: 	: 	: 	: 	: 	: 	: 	: 	: 	: 	: 	: 	: 	: 	: 	: 	: 	: 	: 	: 	: 	: 	: 	: 	: 	: 	: 	: 	: 	: 	: 	: 	: 	: 	: 	1087 	1445 	1346 	986 	433 	1009 	610 	: 
A,NR,DIE,CC1400-1999,MT	: 	: 	: 	: 	: 	: 	: 	: 	: 	: 	: 	: 	: 	: 	: 	: 	: 	: 	: 	: 	: 	: 	3570 	5840 	5007 	4684 	: 	: 	969 	956 	952 	936 	2422 	2616 	4039 	3589 	: 	: 	2247 	2300 	2368 	2194 	1971 	1021 	547 	461 	687 
A,NR,DIE,CC1400-1999,NO	: 	: 	: 	: 	: 	: 	: 	: 	: 	: 	: 	: 	: 	: 	: 	: 	: 	: 	: 	: 	: 	: 	: 	: 	: 	: 	: 	: 	: 	: 	: 	: 	: 	: 	: 	: 	: 	: 	: 	37722 	32274 	24299 	21804 	14116 	7974 	5876 	3684 
A,NR,DIE,CC1400-1999,PL	: 	: 	: 	: 	: 	: 	: 	: 	: 	: 	: 	: 	: 	: 	: 	: 	: 	: 	: 	: 	: 	: 	: 	: 	: 	: 	31444 	117565 	203772 	234322 	362888 	505474 	396307 	408270 	413651 	379443 	: 	: 	: 	: 	: 	: 	: 	: 	: 	: 	: 
A,NR,DIE,CC1400-1999,PT	: 	: 	: 	: 	: 	: 	: 	: 	: 	: 	: 	: 	: 	: 	: 	: 	: 	: 	: 	: 	: 	: 	: 	: 	: 	: 	: 	: 	: 	: 	: 	: 	: 	: 	: 	: 	: 	: 	: 	: 	121014 	108032 	82108 	48042 	35954 	31356 	27529 
A,NR,DIE,CC1400-1999,RO	: 	: 	: 	: 	: 	: 	: 	: 	: 	: 	: 	: 	: 	: 	: 	: 	: 	: 	: 	: 	: 	: 	: 	: 	: 	: 	: 	: 	: 	: 	: 	: 	: 	92598 d	52655 	26698 d	24440 	32123 	37003 	41705 	47331 	47222 	39786 	32224 	21442 	17177 	17362 
A,NR,DIE,CC1400-1999,RS	: 	: 	: 	: 	: 	: 	: 	: 	: 	: 	: 	: 	: 	: 	: 	: 	: 	: 	: 	: 	: 	: 	: 	: 	: 	: 	: 	: 	: 	: 	: 	: 	: 	: 	: 	: 	: 	: 	: 	: 	: 	: 	17926 	14578 	10584 	9721 	10546 
A,NR,DIE,CC1400-1999,SE	: 	: 	: 	: 	: 	: 	: 	: 	: 	: 	: 	: 	: 	: 	: 	: 	: 	: 	: 	: 	: 	: 	: 	: 	: 	: 	: 	: 	13220 u	29848 u	61354 u	56051 u	55856 b	107784 	146037 	148023 	124960 	131121 	140875 	141719 	144428 	112577 	109353 	60053 	46546 	31802 	22420 
A,NR,DIE,CC1400-1999,SI	: 	: 	: 	: 	: 	: 	: 	: 	: 	: 	: 	: 	: 	: 	: 	: 	: 	: 	: 	: 	3650 	4730 	6392 	4314 	7607 	13402 	20630 	: 	21936 	19515 	22250 	21562 	16368 	19799 	22881 	22156 	25174 	26916 	28242 	29714 	29551 	21865 	20614 	16503 	11449 	7563 	6994 
A,NR,DIE,CC1400-1999,TR	: 	: 	: 	: 	: 	: 	: 	: 	: 	: 	: 	: 	: 	: 	: 	: 	: 	: 	: 	: 	: 	: 	: 	: 	: 	: 	: 	: 	: 	: 	: 	: 	: 	: 	224010 	224397 	281205 	290666 	387302 	401150 	402630 	294804 	193225 	207605 	130748 	87088 	123624 
A,NR,DIE,CC1400-1999,UA	: 	: 	: 	: 	: 	: 	: 	: 	: 	: 	: 	: 	: 	: 	: 	: 	: 	: 	: 	: 	: 	: 	: 	: 	: 	: 	: 	: 	: 	: 	: 	: 	: 	: 	: 	: 	: 	: 	: 	: 	: 	: 	10482 	21792 	22677 	6649 	10482 
A,NR,DIE,CC1400-1999,UK	: 	: 	: 	: 	: 	: 	: 	: 	: 	: 	: 	: 	: 	: 	: 	: 	: 	: 	: 	: 	270095 	269090 	: 	260626 	362431 	473083 	497042 	572967 	: 	: @C	: @C	638478 d	562638 d	665933 d	698717 d	: 	: 	: 	967675 	1019066 	843242 	585287 	: 	: 	182292 	115985 	98756 
A,NR,DIE,CC1400-1999,XK	: 	: 	: 	: 	: 	: 	: 	: 	: 	: 	: 	: 	: 	: 	: 	: 	: 	: 	: 	: 	: 	: 	: 	: 	: 	: 	: 	: 	: 	: 	: 	: 	: 	: 	: 	: 	: 	: 	: 	: 	12896 	5914 	17368 	: 	18460 	: 	: 
A,NR,DIE,CC_GE2000,AT	: 	: 	: 	: 	: 	: 	: 	: 	: 	: 	: 	: 	: 	: 	: 	: 	: 	: 	: 	: 	: 	: 	33411 	35597 	34661 	36452 	38612 	36434 	: 	36345 	33209 	27486 	23394 	22200 	24711 	23585 	24737 	24351 	22831 	21937 	21456 	18255 	13408 	7033 	5094 	4787 	5539 
A,NR,DIE,CC_GE2000,BA	: 	: 	: 	: 	: 	: 	: 	: 	: 	: 	: 	: 	: 	: 	: 	: 	: 	: 	: 	: 	: 	: 	: 	: 	: 	: 	: 	: 	: 	: 	: 	: 	: 	: 	: 	: 	504 	457 	536 	553 	526 	523 	574 	406 	468 	404 	517 
A,NR,DIE,CC_GE2000,BE	: 	: 	: 	: 	: 	: 	: 	: 	: 	: 	: 	: 	: 	: 	: 	: 	: 	: 	: 	: 	: 	: 	: 	: 	: 	: 	: 	49205 	44302 	52332 	54719 	52425 	40699 	39999 	: 	36021 	32545 	32980 	33215 	28504 	24561 	21924 	14526 	8597 	8005 	4960 	: 
A,NR,DIE,CC_GE2000,CH	: 	: 	: 	: 	: 	: 	: 	: 	: 	: 	: 	: 	: 	: 	: 	: 	: 	: 	: 	: 	: 	: 	: 	: 	: 	: 	: 	23857 	22976 	27800 	30700 	28900 	24900 e	26000 	31400 e	36000 	36365 	36739 	39342 	35817 	30741 	23990 	18019 	12268 	11368 	8618 	8744 
A,NR,DIE,CC_GE2000,CY	: 	: 	: 	: 	: 	: 	: 	: 	: 	: 	: 	: 	: 	: 	: 	: 	: 	: 	: 	: 	: 	: 	: 	: 	: 	: 	: 	: 	420 	446 	2250 	3399 	3139 	2586 	2158 	1526 	358 	711 	662 	682 	639 	578 	357 	243 	146 	124 	117 
A,NR,DIE,CC_GE2000,CZ	: 	: 	: 	: 	: 	: 	: 	: 	: 	: 	: 	: 	: 	: 	: 	: 	: 	: 	: 	: 	: 	: 	: 	: 	: 	: 	: 	: 	: 	: 	: 	: 	: 	: 	: 	: 	: 	: 	: 	: 	: 	: 	: 	: 	: 	5334 	7819 
A,NR,DIE,CC_GE2000,DE	: 	: 	: 	: 	: 	: 	: 	: 	: 	: 	: 	: 	: 	: 	: 	: 	: 	: 	: 	: 	: 	: 	: 	: 	: 	: 	: 	457150 	424930 	465254 	455683 	410496 	333744 	326683 	383111 	365806 	349165 	365138 	382065 	362227 	315646 	260633 	225861 	181337 	141875 	119698 	127184 
A,NR,DIE,CC_GE2000,EE	: 	: 	: 	: 	: 	: 	: 	: 	: 	: 	: 	: 	: 	: 	: 	: 	: 	: 	: 	: 	: 	: 	: 	523 	604 	872 	1176 	1353 	: 	2766 	3439 	2343 	1014 	717 	1440 	1775 	1719 	2036 	1405 	1378 	1198 	1031 	867 	651 	790 	798 	884 
A,NR,DIE,CC_GE2000,EL	: 	: 	: 	: 	: 	: 	: 	: 	: 	: 	: 	: 	: 	: 	: 	: 	: 	: 	: 	: 	: 	: 	444 	576 	704 	728 	1702 	: 	: 	: 	: 	: 	: 	: 	: 	: 	: 	: 	: 	: 	: 	: 	: 	: 	: 	: 	435 
A,NR,DIE,CC_GE2000,ES	: 	: 	: 	: 	: 	: 	: 	: 	: 	: 	: 	: 	: 	: 	: 	: 	: 	: 	: 	: 	: 	: 	: 	: 	: 	: 	: 	: 	: 	148220 d	143362 d	93284 d	63356 d	63506 d	48005 d	37827 d	: 	47793 	52671 	72209 	72705 	63815 	40493 	19548 	16862 	15139 	13564 
A,NR,DIE,CC_GE2000,FI	: 	: 	: 	: 	: 	: 	: 	: 	: 	: 	: 	: 	: 	: 	: 	: 	: 	: 	: 	4309 d	5381 d	5422 d	5754 d	7177 d	5955 d	6849 d	7947 d	7834 d	: 	14013 d	14259 d	17708 d	12375 d	12242 	13069 	10957 	9456 	9202 	7755 	7049 	5329 	3969 	3055 	2485 	2822 	1251 	878 
A,NR,DIE,CC_GE2000,FR	: 	: 	: 	: 	: 	: 	: 	: 	: 	: 	: 	: 	: 	: 	: 	: 	: 	: 	: 	: 	: 	158768 	139078 	132448 	168579 	203995 	206480 	183637 	: 	170487 d	179143 	113964 	98838 	89486 	96020 	96347 	69630 	67184 	74008 	71767 	66856 	51989 	34969 	9072 	5970 	4664 	17022 
A,NR,DIE,CC_GE2000,GE	: 	: 	: 	: 	: 	: 	: 	: 	: 	: 	: 	: 	: 	: 	: 	: 	: 	: 	: 	: 	: 	: 	: 	: 	: 	: 	: 	: 	: 	: 	: 	: 	: 	: 	: 	: 	: 	: 	: 	: 	545 	1058 	913 	913 	1120 	1423 	1155 
A,NR,DIE,CC_GE2000,HR	: 	: 	: 	: 	: 	: 	: 	: 	: 	: 	: 	: 	: 	: 	: 	: 	: 	: 	: 	: 	: 	: 	: 	: 	: 	: 	: 	: 	: 	: 	9562 	7187 	4707 	3468 	3393 	3405 	: 	: 	: 	: 	: 	: 	: 	: 	276 	238 	170 
A,NR,DIE,CC_GE2000,HU	: 	: 	: 	: 	: 	: 	: 	: 	: 	: 	: 	: 	: 	: 	: 	: 	: 	: 	: 	: 	: 	: 	754 	1011 	1546 	2393 	3120 	4206 	: 	6186 	6896 	12158 	: 	: 	2740 	3315 	4363 	5233 	5887 	4364 	4671 	4451 	4025 	2954 	3153 	3102 	3500 
A,NR,DIE,CC_GE2000,IE	: 	: 	: 	: 	: 	: 	: 	: 	: 	: 	: 	: 	: 	: 	: 	: 	: 	: 	: 	: 	: 	: 	: 	: 	: 	: 	: 	: 	: 	: 	: 	14592 	4036 	6083 	4755 	4314 	4261 	5130 	6987 	6598 	6700 	5957 	4832 	2738 	2150 	1268 	1507 
A,NR,DIE,CC_GE2000,IS	: 	: 	: 	: 	: 	: 	: 	: 	: 	: 	: 	: 	: 	: 	: 	: 	: 	: 	: 	: 	: 	: 	2633 	2453 	980 	826 	1261 	1426 e	2616 	: 	: 	: 	: 	: 	: 	: 	: 	: 	: 	: 	: 	: 	: 	: 	998 	: 	: 
A,NR,DIE,CC_GE2000,IT	: 	: 	: 	: 	: 	: 	: 	: 	: 	: 	: 	: 	: 	: 	: 	: 	: 	: 	: 	: 	: 	: 	: 	: 	: 	156608 	213226 	238733 	192421 	222048 	198012 	157808 	116208 	103927 	106766 	78556 	67385 	67540 	74281 	75161 	81888 	75165 	56916 	29561 	26019 	22254 	25999 
A,NR,DIE,CC_GE2000,LI	: 	: 	: 	: 	: 	: 	: 	: 	: 	: 	: 	: 	: 	: 	: 	: 	: 	: 	: 	: 	: 	: 	: 	: 	: 	: 	230 	250 	: 	330 	390 	313 	221 	265 	283 	317 	271 	295 	290 	290 	243 	206 	163 	108 	98 	84 	81 
A,NR,DIE,CC_GE2000,LT	: 	: 	: 	: 	: 	: 	: 	: 	: 	: 	: 	: 	: 	: 	: 	: 	: 	: 	: 	: 	: 	: 	: 	: 	: 	: 	7834 d	10303 	14753 	22339 	33450 	27551 	23370 d	32812 	28844 	35266 	2403 b	1434 	1402 	1034 	1042 	777 	642 	: 	: 	659 	820 
A,NR,DIE,CC_GE2000,LU	: 	: 	: 	: 	: 	: 	: 	: 	: 	: 	: 	: 	: 	: 	: 	: 	: 	: 	: 	: 	: 	: 	: 	: 	: 	6919 	8398 	8913 	8015 	9400 	9140 	8414 	6661 	: 	: 	: 	: 	: 	: 	: 	: 	: 	: 	: 	1444 	2117 i	2480 
A,NR,DIE,CC_GE2000,LV	: 	: 	: 	: 	: 	: 	: 	: 	: 	: 	: 	: 	: 	: 	: 	: 	: 	: 	: 	: 	: 	: 	: 	: 	: 	: 	: 	: 	: 	: 	: 	: 	: 	: 	: 	: 	: 	1914 	1824 	1203 	1303 	997 	890 	642 	651 	603 	836 
A,NR,DIE,CC_GE2000,MD	: 	: 	: 	: 	: 	: 	: 	: 	: 	: 	: 	: 	: 	: 	: 	: 	: 	: 	: 	: 	: 	: 	: 	: 	: 	: 	: 	: 	: 	: 	: 	: 	: 	: 	: 	: 	: 	2319 	1484 	1518 	7653 	2150 	2415 	2139 	3529 	2036 	5418 
A,NR,DIE,CC_GE2000,ME	: 	: 	: 	: 	: 	: 	: 	: 	: 	: 	: 	: 	: 	: 	: 	: 	: 	: 	: 	: 	: 	: 	: 	: 	: 	: 	: 	: 	: 	: 	: 	: 	: 	: 	: 	: 	: 	: 	: 	135 	4 	188 	151 	61 	155 	89 	: 
A,NR,DIE,CC_GE2000,MT	: 	: 	: 	: 	: 	: 	: 	: 	: 	: 	: 	: 	: 	: 	: 	: 	: 	: 	: 	: 	: 	: 	393 	306 	384 	283 	: 	: 	303 	288 	280 	290 	597 	784 	1150 	1035 	: 	: 	303 	254 	209 	175 	92 	35 	45 	35 	29 
A,NR,DIE,CC_GE2000,NO	: 	: 	: 	: 	: 	: 	: 	: 	: 	: 	: 	: 	: 	: 	: 	: 	: 	: 	: 	: 	: 	: 	: 	: 	: 	: 	: 	: 	: 	: 	: 	: 	: 	: 	: 	: 	: 	: 	: 	15756 	12199 	9992 	6587 	5130 	3989 	2266 	1252 
A,NR,DIE,CC_GE2000,PL	: 	: 	: 	: 	: 	: 	: 	: 	: 	: 	: 	: 	: 	: 	: 	: 	: 	: 	: 	: 	: 	: 	: 	: 	: 	: 	4288 	: 	51210 	68727 	100014 	117615 	53933 	49479 	50941 	50406 	: 	: 	: 	: 	: 	: 	: 	: 	: 	: 	: 
A,NR,DIE,CC_GE2000,PT	: 	: 	: 	: 	: 	: 	: 	: 	: 	: 	: 	: 	: 	: 	: 	: 	: 	: 	: 	: 	: 	: 	: 	: 	: 	: 	: 	: 	: 	: 	: 	: 	: 	: 	: 	: 	: 	: 	: 	: 	8485 	7249 	3415 	1173 	869 	689 	711 
A,NR,DIE,CC_GE2000,RO	: 	: 	: 	: 	: 	: 	: 	: 	: 	: 	: 	: 	: 	: 	: 	: 	: 	: 	: 	: 	: 	: 	: 	: 	: 	: 	: 	: 	: 	: 	: 	: 	: 	15032 d	9796 d	5663 d	5210 	5974 	6305 	6225 	6242 	5842 	4288 	2739 	2615 	2001 	3091 
A,NR,DIE,CC_GE2000,RS	: 	: 	: 	: 	: 	: 	: 	: 	: 	: 	: 	: 	: 	: 	: 	: 	: 	: 	: 	: 	: 	: 	: 	: 	: 	: 	: 	: 	: 	: 	: 	: 	: 	: 	: 	: 	: 	: 	: 	: 	: 	: 	1959 	1566 	1431 	1652 	1621 
A,NR,DIE,CC_GE2000,SE	: 	: 	: 	: 	: 	: 	: 	: 	: 	: 	: 	: 	: 	: 	: 	: 	: 	: 	: 	: 	: 	: 	: 	: 	: 	: 	: 	: 	16017 u	28444 u	45736 u	30801 u	29962 b	37459 	39767 	39542 	46057 	54258 	62528 	59572 	46635 	25399 	13842 	7840 	7326 	4564 	3365 
A,NR,DIE,CC_GE2000,SI	: 	: 	: 	: 	: 	: 	: 	: 	: 	: 	: 	: 	: 	: 	: 	: 	: 	: 	: 	: 	1206 	1072 	1501 	904 	1246 	1698 	2180 	: 	2681 	3765 	5212 	4784 	2883 	2259 	2185 	1757 	1678 	1691 	2223 	2244 	2256 	1561 	833 	414 	291 	175 	355 
A,NR,DIE,CC_GE2000,TR	: 	: 	: 	: 	: 	: 	: 	: 	: 	: 	: 	: 	: 	: 	: 	: 	: 	: 	: 	: 	: 	: 	: 	: 	: 	: 	: 	: 	: 	: 	: 	: 	: 	: 	12137 d	8273 d	9343 	8161 	10151 	8012 	6245 	3400 	2789 	2745 	2776 	2668 	4593 
A,NR,DIE,CC_GE2000,UA	: 	: 	: 	: 	: 	: 	: 	: 	: 	: 	: 	: 	: 	: 	: 	: 	: 	: 	: 	: 	: 	: 	: 	: 	: 	: 	: 	: 	: 	: 	: 	: 	: 	: 	: 	: 	: 	: 	: 	: 	: 	: 	7821 	7554 	8146 	4088 	7821 
A,NR,DIE,CC_GE2000,UK	: 	: 	: 	: 	: 	: 	: 	: 	: 	: 	: 	: 	: 	: 	: 	: 	: 	: 	: 	: 	68533 	69325 	: 	68422 	95619 	133780 	184812 	224129 	: 	: @C	: @C	206906 d	191706 d	190549 d	201186 d	: 	: 	: 	269073 	234957 	199893 	147762 	: 	: 	40272 	35571 	42520 
A,NR,DIE,CC_GE2000,XK	: 	: 	: 	: 	: 	: 	: 	: 	: 	: 	: 	: 	: 	: 	: 	: 	: 	: 	: 	: 	: 	: 	: 	: 	: 	: 	: 	: 	: 	: 	: 	: 	: 	: 	: 	: 	: 	: 	: 	: 	3222 	1543 	4464 	: 	4944 	: 	: 
A,NR,DIE,CC_LT1400,AT	: 	: 	: 	: 	: 	: 	: 	: 	: 	: 	: 	: 	: 	: 	: 	: 	: 	: 	: 	: 	: 	: 	: 	: 	: 	: 	: 	0 	: 	15913 	11536 	8751 	5829 	7648 	8360 	8238 	7592 	5789 	6454 	4858 	4154 	1896 	374 	193 	42 	63 	3 
A,NR,DIE,CC_LT1400,BA	: 	: 	: 	: 	: 	: 	: 	: 	: 	: 	: 	: 	: 	: 	: 	: 	: 	: 	: 	: 	: 	: 	: 	: 	: 	: 	: 	: 	: 	: 	: 	: 	: 	: 	: 	: 	170 	251 	153 	106 	84 	40 	5 	16 	17 	9 	7 
A,NR,DIE,CC_LT1400,BE	: 	: 	: 	: 	: 	: 	: 	: 	: 	: 	: 	: 	: 	: 	: 	: 	: 	: 	: 	: 	: 	: 	: 	: 	: 	: 	: 	48468 	47287 	63803 	62236 	59494 	47014 	50964 	: 	29077 	21471 	15272 	9572 	5976 	3504 	1697 	388 	319 	87 	49 	: 
A,NR,DIE,CC_LT1400,CH	: 	: 	: 	: 	: 	: 	: 	: 	: 	: 	: 	: 	: 	: 	: 	: 	: 	: 	: 	: 	: 	: 	: 	: 	: 	: 	: 	2908 	2973 	4000 	3300 	2900 	2400 e	2100 	2600 e	2600 	2066 	1490 	1111 	524 	286 	208 	103 	39 	16 	6 	9 
A,NR,DIE,CC_LT1400,CY	: 	: 	: 	: 	: 	: 	: 	: 	: 	: 	: 	: 	: 	: 	: 	: 	: 	: 	: 	: 	: 	: 	: 	: 	: 	: 	: 	: 	92 	103 	303 	282 	263 	312 	279 	272 	109 	194 	142 	96 	105 	153 	31 	22 	1 	0 	0 
A,NR,DIE,CC_LT1400,CZ	: 	: 	: 	: 	: 	: 	: 	: 	: 	: 	: 	: 	: 	: 	: 	: 	: 	: 	: 	: 	: 	: 	: 	: 	: 	: 	: 	: 	: 	: 	: 	: 	: 	: 	: 	: 	: 	: 	: 	: 	: 	: 	: 	: 	: 	: 	2 
A,NR,DIE,CC_LT1400,DE	: 	: 	: 	: 	: 	: 	: 	: 	: 	: 	: 	: 	: 	: 	: 	: 	: 	: 	: 	: 	: 	: 	: 	: 	: 	: 	: 	59138 	46952 	50959 	47237 	37564 	30497 	26265 	33713 	28357 	26383 	14373 	10333 	7009 	3953 	1328 	251 	111 	200 	67 	71 
A,NR,DIE,CC_LT1400,EE	: 	: 	: 	: 	: 	: 	: 	: 	: 	: 	: 	: 	: 	: 	: 	: 	: 	: 	: 	: 	: 	: 	: 	0 	0 	70 	170 	132 	: 	287 	280 	168 	126 	91 	146 	237 	161 	187 	163 	73 	48 	75 	5 	0 	0 	0 	0 
A,NR,DIE,CC_LT1400,EL	: 	: 	: 	: 	: 	: 	: 	: 	: 	: 	: 	: 	: 	: 	: 	: 	: 	: 	: 	: 	: 	: 	0 	1 	3 	3 	9 	: 	: 	: 	: 	: 	: 	: 	: 	: 	: 	: 	: 	: 	: 	: 	: 	: 	: 	: 	30 
A,NR,DIE,CC_LT1400,ES	: 	: 	: 	: 	: 	: 	: 	: 	: 	: 	: 	: 	: 	: 	: 	: 	: 	: 	: 	: 	: 	: 	: 	: 	: 	: 	: 	: 	: 	112051 d	108016 d	78844 d	63501 d	67885 d	53808 d	45896 d	: 	43858 	36801 	32552 	23704 	10800 	5588 	3998 	435 	261 	30 
A,NR,DIE,CC_LT1400,FI	: 	: 	: 	: 	: 	: 	: 	: 	: 	: 	: 	: 	: 	: 	: 	: 	: 	: 	: 	0 d	1 d	0 d	: 	: 	6 d	357 d	375 d	416 d	: 	993 d	1313 d	3385 d	2154 d	1425 	1091 	788 	583 	425 	215 	173 	80 	26 	1 	2 	1 	2 	0 
A,NR,DIE,CC_LT1400,FR	: 	: 	: 	: 	: 	: 	: 	: 	: 	: 	: 	: 	: 	: 	: 	: 	: 	: 	: 	: 	: 	: 	114 	695 	4599 	74271 	127423 	170959 	: 	187732 d	185188 	232070 	260773 	243292 	203040 	149712 	98192 	71839 	40594 	15767 	12493 	6655 	1928 	587 	432 	67 	20 
A,NR,DIE,CC_LT1400,GE	: 	: 	: 	: 	: 	: 	: 	: 	: 	: 	: 	: 	: 	: 	: 	: 	: 	: 	: 	: 	: 	: 	: 	: 	: 	: 	: 	: 	: 	: 	: 	: 	: 	: 	: 	: 	: 	: 	: 	: 	27 	54 	21 	21 	21 	23 	11 
A,NR,DIE,CC_LT1400,HR	: 	: 	: 	: 	: 	: 	: 	: 	: 	: 	: 	: 	: 	: 	: 	: 	: 	: 	: 	: 	: 	: 	: 	: 	: 	: 	: 	: 	: 	: 	2669 	2050 	810 	859 	1461 	1543 	: 	: 	: 	: 	: 	: 	: 	: 	2 	2 	: 
A,NR,DIE,CC_LT1400,HU	: 	: 	: 	: 	: 	: 	: 	: 	: 	: 	: 	: 	: 	: 	: 	: 	: 	: 	: 	: 	: 	: 	292 	658 	509 	2550 	3975 	5915 	: 	7863 	5794 	7063 	: 	: 	1309 	1240 	1191 	1186 	733 	438 	539 	261 	58 	14 	31 	30 	21 
A,NR,DIE,CC_LT1400,IE	: 	: 	: 	: 	: 	: 	: 	: 	: 	: 	: 	: 	: 	: 	: 	: 	: 	: 	: 	: 	: 	: 	: 	: 	: 	: 	: 	: 	: 	: 	: 	4180 	3063 	5152 	8870 	6647 	5914 	6410 	7183 	6133 	3704 	1481 	127 	9 	41 	25 	41 
A,NR,DIE,CC_LT1400,IS	: 	: 	: 	: 	: 	: 	: 	: 	: 	: 	: 	: 	: 	: 	: 	: 	: 	: 	: 	: 	: 	: 	: 	: 	: 	: 	: 	0 	48 	: 	: 	: 	: 	: 	: 	: 	: 	: 	: 	: 	: 	: 	: 	: 	1 	: 	: 
A,NR,DIE,CC_LT1400,IT	: 	: 	: 	: 	: 	: 	: 	: 	: 	: 	: 	: 	: 	: 	: 	: 	: 	: 	: 	: 	: 	: 	: 	: 	: 	10019 d	11324 d	10455 d	9294 d	6943 d	7054 d	7148 d	3658 d	7782 d	18880 d	23784 	22537 	12129 	8128 	6669 	3635 	1270 	316 	7 	14 	11 	20 
A,NR,DIE,CC_LT1400,LI	: 	: 	: 	: 	: 	: 	: 	: 	: 	: 	: 	: 	: 	: 	: 	: 	: 	: 	: 	: 	: 	: 	: 	: 	: 	: 	30 	30 	: 	20 	20 	15 	9 	12 	15 	11 	10 	7 	3 	11 	10 	1 	0 	0 	0 	0 	0 
A,NR,DIE,CC_LT1400,LT	: 	: 	: 	: 	: 	: 	: 	: 	: 	: 	: 	: 	: 	: 	: 	: 	: 	: 	: 	: 	: 	: 	: 	: 	: 	: 	232 d	199 	268 	664 	1291 	1587 	1409 d	3016 	2503 	2351 	189 b	460 	313 	395 	328 	148 	8 	: 	: 	2 	1 
A,NR,DIE,CC_LT1400,LU	: 	: 	: 	: 	: 	: 	: 	: 	: 	: 	: 	: 	: 	: 	: 	: 	: 	: 	: 	: 	: 	: 	: 	: 	: 	815 	1369 	2317 	2682 	3074 	7341 	2801 	2312 	: 	: 	: 	: 	: 	: 	: 	: 	: 	: 	: 	29 	22 i	24 
A,NR,DIE,CC_LT1400,LV	: 	: 	: 	: 	: 	: 	: 	: 	: 	: 	: 	: 	: 	: 	: 	: 	: 	: 	: 	: 	: 	: 	: 	: 	: 	: 	: 	: 	: 	: 	: 	: 	: 	: 	: 	: 	: 	311 	274 	281 	276 	100 	3 	0 	0 	0 	0 
A,NR,DIE,CC_LT1400,MD	: 	: 	: 	: 	: 	: 	: 	: 	: 	: 	: 	: 	: 	: 	: 	: 	: 	: 	: 	: 	: 	: 	: 	: 	: 	: 	: 	: 	: 	: 	: 	: 	: 	: 	: 	: 	: 	3656 	2691 	2322 	2861 	3166 	3375 	2961 	2807 	1592 	1169 
A,NR,DIE,CC_LT1400,ME	: 	: 	: 	: 	: 	: 	: 	: 	: 	: 	: 	: 	: 	: 	: 	: 	: 	: 	: 	: 	: 	: 	: 	: 	: 	: 	: 	: 	: 	: 	: 	: 	: 	: 	: 	: 	: 	: 	: 	66 	65 	65 	27 	6 	17 	: 	: 
A,NR,DIE,CC_LT1400,MT	: 	: 	: 	: 	: 	: 	: 	: 	: 	: 	: 	: 	: 	: 	: 	: 	: 	: 	: 	: 	: 	: 	9 	56 	36 	442 	: 	: 	474 	387 	417 	214 	406 	516 	839 	663 	: 	: 	162 	49 	39 	43 	25 	6 	3 	1 	8 
A,NR,DIE,CC_LT1400,NO	: 	: 	: 	: 	: 	: 	: 	: 	: 	: 	: 	: 	: 	: 	: 	: 	: 	: 	: 	: 	: 	: 	: 	: 	: 	: 	: 	: 	: 	: 	: 	: 	: 	: 	: 	: 	: 	: 	: 	38 	25 	14 	7 	4 	9 	6 	0 
A,NR,DIE,CC_LT1400,PL	: 	: 	: 	: 	: 	: 	: 	: 	: 	: 	: 	: 	: 	: 	: 	: 	: 	: 	: 	: 	: 	: 	: 	: 	: 	: 	3094 	5850 	12313 	17277 	20281 	25920 	20971 	22028 	23413 	20978 	: 	: 	: 	: 	: 	: 	: 	: 	: 	: 	: 
A,NR,DIE,CC_LT1400,PT	: 	: 	: 	: 	: 	: 	: 	: 	: 	: 	: 	: 	: 	: 	: 	: 	: 	: 	: 	: 	: 	: 	: 	: 	: 	: 	: 	: 	: 	: 	: 	: 	: 	: 	: 	: 	: 	: 	: 	: 	9742 	8778 	5914 	2672 	1228 	1317 	770 
A,NR,DIE,CC_LT1400,RO	: 	: 	: 	: 	: 	: 	: 	: 	: 	: 	: 	: 	: 	: 	: 	: 	: 	: 	: 	: 	: 	: 	: 	: 	: 	: 	: 	: 	: 	: 	: 	: 	: 	5407 	5649 	2292 	1851 	1699 	1596 	766 	605 	307 	4 	0 	0 	0 	2 
A,NR,DIE,CC_LT1400,RS	: 	: 	: 	: 	: 	: 	: 	: 	: 	: 	: 	: 	: 	: 	: 	: 	: 	: 	: 	: 	: 	: 	: 	: 	: 	: 	: 	: 	: 	: 	: 	: 	: 	: 	: 	: 	: 	: 	: 	: 	: 	: 	518 	310 	326 	365 	319 
A,NR,DIE,CC_LT1400,SE	: 	: 	: 	: 	: 	: 	: 	: 	: 	: 	: 	: 	: 	: 	: 	: 	: 	: 	: 	: 	: 	: 	: 	: 	: 	: 	: 	: 	200 u	488 u	1368 u	2686 u	5357 b	9024 	9341 	8239 	5468 	3619 	3688 	1092 	1128 	690 	513 	88 	116 	66 	35 
A,NR,DIE,CC_LT1400,SI	: 	: 	: 	: 	: 	: 	: 	: 	: 	: 	: 	: 	: 	: 	: 	: 	: 	: 	: 	: 	0 	13 	58 	11 	15 	523 	1509 	: 	1880 	1522 	1737 	1140 	694 	541 	704 	934 	1164 	1156 	566 	631 	603 	451 	52 	1 	3 	1 	6 
A,NR,DIE,CC_LT1400,TR	: 	: 	: 	: 	: 	: 	: 	: 	: 	: 	: 	: 	: 	: 	: 	: 	: 	: 	: 	: 	: 	: 	: 	: 	: 	: 	: 	: 	: 	: 	: 	: 	: 	: 	126329 	107275 	93356 	65415 	64738 	51667 	48194 	22248 	15947 	37276 	16087 	18036 	34638 
A,NR,DIE,CC_LT1400,UA	: 	: 	: 	: 	: 	: 	: 	: 	: 	: 	: 	: 	: 	: 	: 	: 	: 	: 	: 	: 	: 	: 	: 	: 	: 	: 	: 	: 	: 	: 	: 	: 	: 	: 	: 	: 	: 	: 	: 	: 	: 	: 	48 	259 	276 	31 	48 
A,NR,DIE,CC_LT1400,UK	: 	: 	: 	: 	: 	: 	: 	: 	: 	: 	: 	: 	: 	: 	: 	: 	: 	: 	: 	: 	1039 	980 	: 	1947 	2599 	29932 	46401 	49927 	: 	: @C	: @C	67849 d	61111 d	56657 d	58633 d	: 	: 	: 	20399 	10283 	5745 	2467 	: 	: 	398 	137 	71 
A,NR,DIE,CC_LT1400,XK	: 	: 	: 	: 	: 	: 	: 	: 	: 	: 	: 	: 	: 	: 	: 	: 	: 	: 	: 	: 	: 	: 	: 	: 	: 	: 	: 	: 	: 	: 	: 	: 	: 	: 	: 	: 	: 	: 	: 	: 	450 	257 	755 	: 	896 	: 	: 
A,NR,DIE,TOTAL,AL	: 	: 	: 	: 	: 	: 	: 	: 	: 	: 	: 	: 	: 	: 	: 	: 	: 	: 	: 	: 	: 	: 	: 	: 	: 	: 	: 	: 	: 	: 	: 	: 	: 	: 	: 	: 	: 	: 	: 	: 	: 	: 	33064 	32953 	42914 	36523 	47440 
A,NR,DIE,TOTAL,AT	: 	: 	: 	: 	: 	: 	: 	: 	: 	: 	: 	: 	: 	: 	: 	: 	: 	: 	119191 	151846 	146503 	161297 	180228 	191281 	192681 	194555 	214505 	220255 	: 	191766 	176746 	160459 	146962 	167130 	194721 	189622 	181061 	172574 	180510 	189139 	175590 	141159 	130468 	99196 	71808 	61537 	61187 
A,NR,DIE,TOTAL,BA	: 	: 	: 	: 	: 	: 	: 	: 	: 	: 	: 	: 	: 	: 	: 	: 	: 	: 	: 	: 	: 	: 	: 	: 	: 	: 	: 	: 	: 	: 	: 	: 	: 	: 	: 	: 	4049 	4097 	3835 	4932 	5123 	5028 	4685 	3481 	3385 	3058 	3136 
A,NR,DIE,TOTAL,BE	: 	: 	: 	: 	: 	: 	: 	: 	: 	: 	: 	: 	: 	: 	: 	159880 	150874 	176045 	175967 	188645 	: 	243185 	273898 	298854 	313647 	304496 	316420 	342760 	352380 	396234 	408255 	426992 	361638 	419406 	435527 	339217 	319863 	303953 	305838 	285653 	259790 	202272 	179716 	151970 	103914 	70559 	50855 i
A,NR,DIE,TOTAL,BG	: 	: 	: 	: 	: 	: 	: 	: 	: 	: 	: 	: 	: 	: 	: 	: 	: 	: 	: 	: 	: 	: 	: 	: 	: 	: 	: 	: 	: 	: 	: 	: 	: 	: 	: 	: 	: 	: 	: 	: 	: 	: 	: 	: 	: 	5330 i	6032 i
A,NR,DIE,TOTAL,CH	: 	: 	: 	: 	: 	: 	: 	: 	: 	: 	: 	: 	9003 	8479 	7170 	7997 	8375 	11786 	10696 	12601 	13428 	16632 	20719 	28983 	41716 	52097 	57912 	69280 	74114 	80900 	92300 	93400 	78800 e	90500 	109300 p	125000 	119767 	117318 	132789 	130457 	118800 	95612 	88965 	64475 	51670 	45069 	44501 
A,NR,DIE,TOTAL,CY	: 	: 	: 	: 	: 	: 	: 	: 	: 	: 	: 	: 	: 	1658 	1858 	1466 	995 	1245 	1898 	2784 	3622 	5164 	3657 	2626 	3064 	2235 	1343 	1064 	1293 	1424 	4094 	6312 	6340 	5878 	4962 	3681 	1255 	3184 	4157 	5327 	5450 	5264 	4532 	3065 	1460 	541 	443 
A,NR,DIE,TOTAL,CZ	: 	: 	: 	: 	: 	: 	: 	: 	: 	: 	: 	: 	: 	: 	: 	: 	: 	: 	: 	: 	: 	: 	: 	: 	: 	: 	: 	: 	: 	: 	: 	: 	: 	: 	: 	: 	: 	: 	: 	: 	: 	: 	: 	: 	56933 	46078 	54687 
A,NR,DIE,TOTAL,DE	: 	: 	: 	: 	: 	: 	: 	: 	: 	: 	: 	: 	: 	: 	: 	588592 	476534 	543764 	483517 	524599 	525294 	657480 	852849 	1026002 	1155324 	1236213 	1292727 	1437346 	1425576 	1535881 	1501566 	1361457 	1168633 	1221938 	1495966 	1486119 	1403113 	1452565 	1538451 	1539596 	1336195 	1129025 	1230267 	949336 	691261 	642418 	703839 
A,NR,DIE,TOTAL,DK	: 	: 	: 	: 	: 	: 	: 	: 	: 	: 	: 	: 	: 	: 	: 	: 	: 	: 	: 	: 	: 	: 	: 	: 	: 	: 	: 	: 	: 	41750 	134831 	102017 	: 	: 	: 	: 	57435 	59545 	64203 	80216 	77493 	72475 	60475 	46295 	26648 	17441 	15258 
A,NR,DIE,TOTAL,EE	: 	: 	: 	: 	: 	: 	: 	: 	: 	: 	: 	: 	: 	: 	: 	: 	: 	: 	: 	: 	: 	: 	: 	1778 	1847 	2482 	2895 	3396 	: 	6394 	8522 	6094 	3479 	3401 	5625 	6855 	7345 	7726 	6949 	6393 	6409 	6527 	6414 	5123 	5242 	4256 	4114 
A,NR,DIE,TOTAL,EL	: 	: 	: 	: 	: 	: 	: 	: 	: 	: 	: 	: 	: 	: 	: 	: 	3305 	2132 	3247 	3212 	2946 	2248 	1918 	2149 	2427 	2357 	4851 	: 	: 	: 	: 	: 	: 	: 	: 	: 	: 	: 	: 	: 	: 	: 	: 	: 	18717 e	18602 	19785 
A,NR,DIE,TOTAL,ES	: 	: 	: 	: 	: 	: 	: 	: 	: 	: 	: 	: 	: 	: 	: 	: 	167316 	244732 	284547 	369333 	467577 	620172 d	766752 	785193 	779869 	805226 	: 	: 	: 	1142066 d	1134107 d	810622 d	672242 d	700190 d	567974 d	485043 d	: 	590360 	658757 	725997 	690660 	573370 	455468 	332422 	265643 	205650 	186368 
A,NR,DIE,TOTAL,EU27_2020	: 	: 	: 	: 	: 	: 	: 	: 	: 	: 	: 	: 	: 	: 	: 	: 	: 	: 	: 	: 	: 	: 	: 	: 	: 	: 	: 	: 	: 	: 	: 	: 	: 	: 	: 	: 	: 	: 	: 	: 	: 	: 	: 	: 	: 	1970568 	2014437 
A,NR,DIE,TOTAL,FI	: 	: 	: 	: 	: 	: 	: 	: 	: 	: 	: 	: 	: 	7211 d	4486 d	3451 d	4370 d	3745 d	5504 	12949 d	15280 d	19725 d	22025 d	26330 d	18016 d	18196 d	22362 d	22103 d	: 	29512 	35784 d	69307 d	41970 d	46758 	53147 	43042 	38697 	41404 	38844 	39556 	36216 	29071 	22022 	14567 	11252 	7447 	5277 
A,NR,DIE,TOTAL,FR	: 	: 	145204 	186036 	215262 	221309 	191812 	240367 	264757 	299425 	384113 	522384 	678146 	762054 	780521 	820638 	783244 	939952 	897698 	836535 	716135 	780983 	947489 	1046485 	1267761 	1354933 	1353914 	1392925 	1429037 	1427697 d	1525439 	1584438 	1597832 	1556353 	1558156 	1354866 	1182129 	1129453 	1089403 	1032695 	1014418 	859623 	773411 	539142 	399164 	273570 	223258 i
A,NR,DIE,TOTAL,GE	: 	: 	: 	: 	: 	: 	: 	: 	: 	: 	: 	: 	: 	: 	: 	: 	: 	: 	: 	: 	: 	: 	: 	: 	: 	: 	: 	: 	: 	: 	: 	: 	: 	: 	: 	: 	: 	: 	: 	: 	680 	1242 	994 	994 	1358 	1760 	1514 
A,NR,DIE,TOTAL,HR	: 	: 	: 	: 	: 	: 	: 	: 	: 	: 	: 	: 	: 	: 	: 	8621 	15428 	15210 	18246 	16924 	21826 	15648 	19710 	19580 	33650 	34759 	46297 	49733 	48359 	49917 	46540 	34532 	20382 	19760 	24579 	23226 	: 	: 	: 	: 	: 	: 	: 	: 	8904 	7788 	9219 
A,NR,DIE,TOTAL,HU	: 	: 	: 	: 	: 	: 	: 	: 	: 	: 	: 	: 	: 	: 	: 	8481 	5036 	2443 	2683 	1822 	2475 	3753 	4686 	7432 	10190 	15318 	21243 	32671 	: 	38167 	40121 	65339 	: 	30403 	20810 	22979 	25769 	30219 	32271 	34700 	37039 	32655 	32299 	31606 	27065 	20567 	19836 
A,NR,DIE,TOTAL,IE	: 	: 	: 	: 	: 	: 	: 	: 	8308 	: 	: 	: 	: 	11760 	: 	10567 	9659 	12990 	13064 	14637 	14510 	17326 	19103 	23331 	20996 	25132 	25217 	28208 	36750 	44010 	61177 	58785 	34309 	66159 	71960 	57847 	54428 	61917 	92436 	105257 	87644 	70743 	59884 	41688 	40292 	31336 	32255 
A,NR,DIE,TOTAL,IS	: 	: 	: 	: 	: 	: 	: 	: 	: 	: 	: 	: 	: 	: 	: 	: 	269 	339 	579 	998 	1581 	2309 	2759 	2560 	1040 	918 	1385 	1755 e	3992 	: 	: 	: 	: 	: 	: 	: 	: 	: 	: 	: 	11091 	8219 	4253 	2327 	2584 	3107 i	2905 i
A,NR,DIE,TOTAL,IT	: 	: 	: 	: 	: 	: 	: 	: 	: 	: 	: 	: 	: 	: 	: 	: 	: 	: 	177558 	286278 	423711 	536929 p	: 	: 	: 	928201 	1219346 	1605151 	1453192 	1508544 	1403481 	1119469 	914593 	906555 	974902 	746713 	707641 	757895 	887074 	1058886 	1130434 	1000494 	793367 	505406 	403271 	323829 	357239 
A,NR,DIE,TOTAL,LI	: 	: 	: 	: 	: 	: 	: 	: 	: 	: 	: 	: 	: 	: 	: 	: 	: 	: 	0 	0 	0 	0 	0 	: 	: 	: 	550 	590 	: 	670 	760 	690 	499 	678 	754 	923 	858 	800 	937 	985 	849 	644 	663 	422 	355 	315 	294 
A,NR,DIE,TOTAL,LT	: 	: 	: 	: 	: 	: 	: 	: 	: 	: 	: 	: 	: 	: 	: 	: 	: 	: 	: 	: 	: 	: 	: 	: 	: 	23542 	24618 d	30203 	43116 	66559 d	101056 	85774 d	75498 d	110845 	98942 	110296 	7019 	6879 	7690 	7587 	7865 	7210 	7262 	7042 	4706 	3183 	3684 
A,NR,DIE,TOTAL,LU	: 	: 	: 	: 	: 	: 	: 	: 	: 	: 	: 	: 	: 	: 	: 	: 	: 	: 	: 	: 	: 	: 	: 	: 	: 	27152 	28884 	35004 	36561 	39280 	39753 	40313 	34480 	: 	: 	: 	: 	: 	: 	: 	: 	: 	23897 	18151 	14569 	12338 	10265 
A,NR,DIE,TOTAL,LV	: 	: 	: 	: 	: 	: 	: 	: 	: 	: 	: 	: 	: 	: 	: 	: 	: 	: 	2043 	5729 	11335 	9165 	6648 	7104 	10322 	12191 	16938 	19222 	22813 	37437 	44528 	23217 	8531 	15609 	28976 	36165 	: 	7029 	6923 	7287 	7446 	6807 	6893 	4870 	3923 	3445 	3729 
A,NR,DIE,TOTAL,MD	: 	: 	: 	: 	: 	: 	: 	: 	: 	: 	: 	: 	: 	: 	: 	: 	: 	: 	: 	: 	: 	: 	: 	: 	: 	: 	: 	: 	: 	: 	: 	: 	: 	: 	: 	: 	12453 	12611 	8407 	7908 	24132 	13821 	17550 	17019 	21624 	16781 	26266 
A,NR,DIE,TOTAL,ME	: 	: 	: 	: 	: 	: 	: 	: 	: 	: 	: 	: 	: 	: 	: 	: 	: 	: 	: 	: 	: 	: 	: 	: 	: 	: 	: 	: 	: 	: 	: 	: 	: 	: 	: 	: 	: 	: 	: 	1288 	1662 	1599 	1164 	500 	1181 	699 	: 
A,NR,DIE,TOTAL,MT	: 	: 	: 	: 	: 	: 	: 	: 	: 	: 	: 	: 	: 	: 	: 	: 	: 	: 	: 	: 	: 	2792 	3972 	6202 	5427 	5409 	: 	: 	1746 	1631 	1649 	1440 	3425 	3916 	6028 	5287 	: 	: 	2712 	2603 	2616 	2412 	2088 	1062 	595 	497 	724 
A,NR,DIE,TOTAL,NL	: 	: 	: 	: 	: 	: 	: 	: 	: 	: 	: 	: 	: 	: 	: 	: 	: 	: 	: 	: 	81610 	110318 	139581 	134418 	120944 	: 	: 	: 	124509 	130040 	143357 	125996 	78332 	98675 	156834 	142807 	103557 	105014 	129768 	72355 	72265 	56996 	32685 	12963 	6920 	4638 	3966 
A,NR,DIE,TOTAL,NO	: 	: 	: 	: 	: 	: 	: 	: 	: 	: 	: 	: 	1148 	2425 d	3509 d	5881 d	9109 d	: 	6028 d	11930 d	: 	: 	: 	: 	: 	: 	: 	46126 	: 	73961 	122856 	100300 	93316 	121039 	128559 	113937 	83067 	76478 	76985 	53516 	44498 	34305 	28398 	19709 	11972 	8148 	4936 
A,NR,DIE,TOTAL,PL	: 	: 	: 	: 	: 	: 	: 	: 	: 	: 	: 	: 	: 	: 	: 	: 	: 	: 	54902 	76618 	72032 	34404 	44440 	59179 	70124 	: 	38844 	147570 	267295 	320326 	483183 	649009 	471211 	479777 	487915 	450827 	102026 b	120616 i	118900 i	131300 i	135100 i	130700 i	110600 i	80900 i	107852 i	99869 i	144524 i
A,NR,DIE,TOTAL,PT	: 	: 	: 	: 	: 	: 	: 	: 	: 	: 	: 	: 	: 	: 	: 	: 	: 	: 	: 	: 	: 	: 	: 	: 	: 	: 	: 	: 	: 	: 	: 	: 	: 	: 	: 	: 	: 	: 	: 	: 	139241 	124059 	91437 	51887 	38051 	33362 	29010 
A,NR,DIE,TOTAL,RO	: 	: 	: 	: 	: 	: 	: 	: 	: 	: 	: 	: 	: 	: 	: 	: 	: 	: 	: 	: 	: 	: 	: 	: 	: 	: 	: 	: 	: 	: 	: 	255488 	124399 d	113037 d	68110 d	34653 d	31501 	39797 	44904 	48696 	54178 	53371 	44078 	34963 	24057 	19178 	20455 
A,NR,DIE,TOTAL,RS	: 	: 	: 	: 	: 	: 	: 	: 	: 	: 	: 	: 	: 	: 	: 	: 	: 	: 	: 	: 	: 	: 	: 	: 	: 	: 	: 	: 	: 	: 	: 	: 	: 	: 	: 	: 	: 	: 	: 	: 	: 	: 	20403 	16454 	12341 	11738 	12486 
A,NR,DIE,TOTAL,SE	: 	: 	: 	: 	: 	: 	: 	: 	: 	: 	: 	: 	2245 	1640 	1702 	1398 	3981 	5106 	4855 	14186 	29940 	40499 	29319 	27720 	15383 	18161 	21096 	23402 	29437 	58780 	108458 	89538 	91175 	154267 	195145 	195804 	176485 	188998 	207091 	202383 	192191 	138666 	123708 	67981 	53988 	36432 	25820 
A,NR,DIE,TOTAL,SI	: 	: 	: 	: 	: 	: 	: 	: 	: 	: 	: 	: 	: 	: 	: 	: 	: 	: 	: 	: 	: 	5815 	7951 	5229 	8868 	15623 	24319 	28506 	26497 	24802 	29199 	27486 	19945 	22599 	25770 	24847 	28016 	29763 	31031 	32589 	32410 	23877 	21499 	16918 	11743 	7739 	7355 
A,NR,DIE,TOTAL,SK	: 	: 	: 	: 	: 	: 	: 	: 	: 	: 	: 	: 	: 	: 	: 	: 	: 	: 	: 	: 	: 	: 	: 	: 	: 	: 	: 	: 	: 	: 	: 	: 	: 	: 	: 	: 	: 	: 	: 	: 	: 	: 	: 	: 	: 	12938 i	15253 i
A,NR,DIE,TOTAL,TR	: 	: 	: 	: 	: 	: 	: 	: 	: 	: 	: 	: 	: 	: 	: 	: 	: 	: 	: 	: 	: 	: 	: 	: 	: 	: 	: 	84436 	137276 	183977 	174119 	168320 	147030 	257720 	365760 	340237 	383904 	364242 	462191 	460829 	457069 	320452 	211961 	247626 	149611 	107792 	162855 
A,NR,DIE,TOTAL,UA	: 	: 	: 	: 	: 	: 	: 	: 	: 	: 	: 	: 	: 	: 	: 	: 	: 	: 	: 	: 	: 	: 	: 	: 	: 	: 	: 	: 	: 	: 	: 	: 	: 	: 	: 	: 	: 	: 	: 	: 	: 	: 	18351 	29605 	31099 	10768 	18351 
A,NR,DIE,TOTAL,UK	: 	: 	: 	: 	: 	: 	: 	: 	: 	: 	: 	: 	: 	: 	: 	198738 d	332021 d	419820 	395900 	358400 	339667 	339395 	312751 	330995 	460649 	636795 	728257 	847023 	: 	: @C	: @C	913235 d	815456 d	913139 d	958536 d	: 	: 	: 	1257152 	1264307 	1049086 	736172 	: 	: 	223460 	151936 	141438 
A,NR,DIE,TOTAL,XK	: 	: 	: 	: 	: 	: 	: 	: 	: 	: 	: 	: 	: 	: 	: 	: 	: 	: 	: 	: 	: 	: 	: 	: 	: 	: 	: 	: 	: 	: 	: 	: 	: 	: 	: 	: 	: 	: 	: 	: 	16568 	7714 	22587 	: 	24300 	: 	: 
A,NR,PET,CC1400-1999,AT	: 	: 	: 	: 	: 	: 	: 	: 	: 	: 	: 	: 	: 	: 	: 	: 	: 	: 	: 	: 	: 	: 	55725 	42332 	31200 	26567 	24810 	25575 	: 	30678 	34895 	34885 	43264 	38111 	33260 	28373 	26627 	23180 	22704 	26012 	35331 	46727 	52932 	37096 	38622 	40770 	47853 
A,NR,PET,CC1400-1999,BA	: 	: 	: 	: 	: 	: 	: 	: 	: 	: 	: 	: 	: 	: 	: 	: 	: 	: 	: 	: 	: 	: 	: 	: 	: 	: 	: 	: 	: 	: 	: 	: 	: 	: 	: 	: 	585 	584 	504 	704 	909 	1105 	1162 	850 	1178 	1637 	2240 
A,NR,PET,CC1400-1999,BE	: 	: 	: 	: 	: 	: 	: 	: 	: 	: 	: 	: 	: 	: 	: 	: 	: 	: 	: 	: 	: 	: 	: 	: 	: 	: 	: 	46232 	39630 	35002 	31761 	28792 	27429 	29539 	: 	37490 	44145 	43260 	43675 	62467 	74288 	102242 	122145 	94222 	103784 	111774 	: 
A,NR,PET,CC1400-1999,CH	: 	: 	: 	: 	: 	: 	: 	: 	: 	: 	: 	: 	: 	: 	: 	: 	: 	: 	: 	: 	: 	: 	: 	: 	: 	: 	: 	99687 	92457 	90100 	91300 	88800 	83200 e	87400 	87400 e	81900 	78400 	75641 	73263 	69541 	73460 	86598 	107936 	81336 	83142 	77375 	92401 
A,NR,PET,CC1400-1999,CY	: 	: 	: 	: 	: 	: 	: 	: 	: 	: 	: 	: 	: 	: 	: 	: 	: 	: 	: 	: 	: 	: 	: 	: 	: 	: 	: 	: 	18964 	18333 	26282 	26493 	18418 	15515 	13113 	8380 	2863 	2073 	2088 	2465 	3085 	3611 	3507 	3258 	4544 	5791 	7896 
A,NR,PET,CC1400-1999,CZ	: 	: 	: 	: 	: 	: 	: 	: 	: 	: 	: 	: 	: 	: 	: 	: 	: 	: 	: 	: 	: 	: 	: 	: 	: 	: 	: 	: 	: 	: 	: 	: 	: 	: 	: 	: 	: 	: 	: 	: 	: 	: 	: 	: 	: 	61127 	80662 
A,NR,PET,CC1400-1999,DE	: 	: 	: 	: 	: 	: 	: 	: 	: 	: 	: 	: 	: 	: 	: 	: 	: 	: 	: 	: 	: 	: 	: 	: 	: 	: 	: 	888812 	937362 	912717 	718587 	740276 	824389 	577684 	548403 	496124 	440550 	417978 	451323 	503437 	664679 	863529 	1019171 	780938 	666201 	678687 	763731 
A,NR,PET,CC1400-1999,EE	: 	: 	: 	: 	: 	: 	: 	: 	: 	: 	: 	: 	: 	: 	: 	: 	: 	: 	: 	: 	: 	: 	: 	5586 	6676 	7539 	7622 	7708 	: 	11889 	14855 	12167 	3928 	4271 	6610 	7403 	7403 	6699 	6672 	7766 	8686 	9227 	9752 	6311 	8487 	9038 	10082 
A,NR,PET,CC1400-1999,EL	: 	: 	: 	: 	: 	: 	: 	: 	: 	: 	: 	: 	: 	: 	: 	: 	: 	: 	: 	: 	: 	: 	78605 	96610 	95333 	99711 	111369 	: 	: 	: 	: 	: 	: 	: 	: 	: 	: 	: 	: 	: 	: 	: 	: 	: 	: 	: 	38511 
A,NR,PET,CC1400-1999,ES	: 	: 	: 	: 	: 	: 	: 	: 	: 	: 	: 	: 	: 	: 	: 	: 	: 	: 	: 	: 	: 	: 	: 	: 	: 	: 	: 	: 	: 	225515 d	216365 d	157401 d	103397 d	81754 d	81587 d	63583 d	: 	60522 	66723 	86945 	137171 	222395 	287628 	191394 	220372 	237398 	299091 
A,NR,PET,CC1400-1999,FI	: 	: 	: 	: 	: 	: 	: 	: 	: 	: 	: 	: 	: 	: 	: 	: 	: 	: 	: 	58399 d	61993 d	73402 d	78176 d	69298 d	58196 d	64784 d	83944 d	81107 d	: 	78151 d	59322 d	43845 d	27408 d	34511 	36198 	32238 	30057 	26065 	24335 	25596 	28643 e	38420 	40648 	37174 	37128 	32340 	30791 
A,NR,PET,CC1400-1999,FR	: 	: 	: 	: 	: 	: 	: 	: 	: 	: 	: 	: 	: 	: 	: 	: 	: 	: 	: 	: 	: 	394719 	458199 	389484 	368617 	304563 	245232 	219211 	: 	179901 d	165447 	96194 	79934 	84110 	96052 	88724 	105160 	94360 	101242 	127754 	175260 	217984 	265663 	227590 	324082 	362714 	448880 
A,NR,PET,CC1400-1999,GE	: 	: 	: 	: 	: 	: 	: 	: 	: 	: 	: 	: 	: 	: 	: 	: 	: 	: 	: 	: 	: 	: 	: 	: 	: 	: 	: 	: 	: 	: 	: 	: 	: 	: 	: 	: 	: 	: 	: 	: 	1175 	1144 	427 	427 	957 	1778 	2446 
A,NR,PET,CC1400-1999,HR	: 	: 	: 	: 	: 	: 	: 	: 	: 	: 	: 	: 	: 	: 	: 	: 	: 	: 	: 	: 	: 	: 	: 	: 	: 	: 	: 	: 	: 	: 	17681 	19090 	11305 	8916 	8066 	5506 	: 	: 	: 	: 	: 	: 	: 	: 	7483 	8963 	6233 
A,NR,PET,CC1400-1999,HU	: 	: 	: 	: 	: 	: 	: 	: 	: 	: 	: 	: 	: 	: 	: 	: 	: 	: 	: 	: 	: 	: 	33855 	36810 	32689 	33664 	37351 	34288 	: 	29340 	28306 	35146 	: 	: 	9667 	12388 	11417 	14469 	18613 	26323 	33700 	44363 	43080 	31666 	31513 	37760 	40768 
A,NR,PET,CC1400-1999,IE	9843 	8754 	: 	19583 	: 	: 	: 	: 	: 	: 	: 	: 	: 	32173 	: 	: 	: 	: 	: 	: 	: 	: 	: 	: 	: 	: 	: 	: 	: 	: 	: 	36320 	6555 	3455 	2950 	1784 	1671 	1311 	2397 	3182 	7967 	12132 	16443 	14867 	22707 	23847 	29808 
A,NR,PET,CC1400-1999,IS	: 	: 	: 	: 	: 	: 	: 	: 	: 	: 	: 	: 	: 	: 	: 	: 	: 	: 	: 	: 	: 	: 	8836 	7451 	4211 	4269 	5704 	6588 e	9262 	: 	: 	: 	: 	: 	: 	: 	: 	: 	: 	: 	: 	: 	: 	: 	4664 	: 	: 
A,NR,PET,CC1400-1999,IT	: 	: 	: 	: 	: 	: 	: 	: 	: 	: 	: 	: 	: 	: 	: 	: 	: 	: 	: 	: 	: 	: 	: 	: 	: 	737427 d	698681 d	668257 d	582586 d	622433 d	635504 d	619380 d	518819 	479257 d	481017 d	304723 	249393 	239739 	297877 	374365 	401351 	396996 	465471 	330341 	310266 	303365 	386864 
A,NR,PET,CC1400-1999,LI	: 	: 	: 	: 	: 	: 	: 	: 	: 	: 	: 	: 	: 	: 	: 	: 	: 	: 	: 	: 	: 	: 	: 	: 	: 	: 	550 	520 	: 	530 	530 	582 	485 	441 	489 	424 	391 	357 	399 	371 	367 	543 	623 	438 	468 	423 	509 
A,NR,PET,CC1400-1999,LT	: 	: 	: 	: 	: 	: 	: 	: 	: 	: 	: 	: 	: 	: 	: 	: 	: 	: 	: 	: 	: 	: 	: 	: 	: 	: 	65111 d	69421 	87085 	80547 	79433 	65651 	38465 	30484 	18620 	24700 	2867 b	2138 	2610 	3881 	4689 	5572 	7262 	: 	: 	10736 	12429 
A,NR,PET,CC1400-1999,LU	: 	: 	: 	: 	: 	: 	: 	: 	: 	: 	: 	: 	: 	: 	: 	: 	: 	: 	: 	: 	: 	: 	: 	: 	: 	7754 	6414 	6097 	5334 	4583 	4875 	4649 	4089 	: 	: 	: 	: 	: 	: 	: 	: 	: 	: 	: 	11768 	10271 i	11757 
A,NR,PET,CC1400-1999,LV	: 	: 	: 	: 	: 	: 	: 	: 	: 	: 	: 	: 	: 	: 	: 	: 	: 	: 	: 	: 	: 	: 	: 	: 	: 	: 	: 	: 	: 	: 	: 	: 	: 	: 	: 	: 	: 	2469 	3021 	3572 	3978 	4678 	6039 	4647 	5462 	6071 	8032 
A,NR,PET,CC1400-1999,MD	: 	: 	: 	: 	: 	: 	: 	: 	: 	: 	: 	: 	: 	: 	: 	: 	: 	: 	: 	: 	: 	: 	: 	: 	: 	: 	: 	: 	: 	: 	: 	: 	: 	: 	: 	: 	5663 	4149 	2599 	2576 	6377 	3164 	3528 	3299 	5066 	4268 	5861 
A,NR,PET,CC1400-1999,ME	: 	: 	: 	: 	: 	: 	: 	: 	: 	: 	: 	: 	: 	: 	: 	: 	: 	: 	: 	: 	: 	: 	: 	: 	: 	: 	: 	: 	: 	: 	: 	: 	: 	: 	: 	: 	: 	: 	: 	208 	354 	408 	459 	185 	582 	: 	: 
A,NR,PET,CC1400-1999,MT	: 	: 	: 	: 	: 	: 	: 	: 	: 	: 	: 	: 	: 	: 	: 	: 	: 	: 	: 	: 	: 	: 	1606 	2741 	3875 	906 	: 	: 	1085 	1312 	1340 	1381 	3334 	2119 	1851 	993 	: 	: 	584 	739 	938 	1174 	1238 	775 	1120 	1690 	2092 
A,NR,PET,CC1400-1999,NO	: 	: 	: 	: 	: 	: 	: 	: 	: 	: 	: 	: 	: 	: 	: 	: 	: 	: 	: 	: 	: 	: 	: 	: 	: 	: 	: 	: 	: 	: 	: 	: 	: 	: 	: 	: 	: 	: 	: 	40875 	49006 	43406 	30325 	26786 	28651 	17514 	11530 
A,NR,PET,CC1400-1999,PL	: 	: 	: 	: 	: 	: 	: 	: 	: 	: 	: 	: 	: 	: 	: 	: 	: 	: 	: 	: 	: 	: 	: 	: 	: 	: 	56958 	284208 	301636 	280835 	290728 	281890 	172051 	164320 	187993 	195060 	: 	: 	: 	: 	: 	: 	: 	: 	: 	: 	: 
A,NR,PET,CC1400-1999,PT	: 	: 	: 	: 	: 	: 	: 	: 	: 	: 	: 	: 	: 	: 	: 	: 	: 	: 	: 	: 	: 	: 	: 	: 	: 	: 	: 	: 	: 	: 	: 	: 	: 	: 	: 	: 	: 	: 	: 	: 	8108 	14043 	18370 	17980 	22329 	24966 	34502 
A,NR,PET,CC1400-1999,RO	: 	: 	: 	: 	: 	: 	: 	: 	: 	: 	: 	: 	: 	: 	: 	: 	: 	: 	: 	: 	: 	: 	: 	: 	: 	: 	: 	: 	: 	: 	: 	: 	: 	89727 d	43212 d	11827 d	5927 	5607 	7109 	11252 	13020 	18003 	25124 	20442 	25279 	31131 	35874 
A,NR,PET,CC1400-1999,RS	: 	: 	: 	: 	: 	: 	: 	: 	: 	: 	: 	: 	: 	: 	: 	: 	: 	: 	: 	: 	: 	: 	: 	: 	: 	: 	: 	: 	: 	: 	: 	: 	: 	: 	: 	: 	: 	: 	: 	: 	: 	: 	7713 	6929 	7935 	10162 	12233 
A,NR,PET,CC1400-1999,SE	: 	: 	: 	: 	: 	: 	: 	: 	: 	: 	: 	: 	: 	: 	: 	: 	: 	: 	: 	: 	: 	: 	: 	: 	: 	: 	: 	: 	149629 u	141590 u	122874 u	107871 u	39698 b	44164 	42646 	32519 	39984 	45273 	48770 	59206 	73570 	99486 	109436 	107198 	107423 	95502 	86393 
A,NR,PET,CC1400-1999,SI	: 	: 	: 	: 	: 	: 	: 	: 	: 	: 	: 	: 	: 	: 	: 	: 	: 	: 	: 	: 	24406 	26741 	25841 	18246 	14449 	10676 	9956 	: 	10355 	10957 	12962 	15557 	12751 	12197 	10749 	6906 	5508 	3929 	4123 	4376 	6535 	9623 	10744 	: 	: 	: 	15213 
A,NR,PET,CC1400-1999,TR	: 	: 	: 	: 	: 	: 	: 	: 	: 	: 	: 	: 	: 	: 	: 	: 	: 	: 	: 	: 	: 	: 	: 	: 	: 	: 	: 	: 	: 	: 	: 	: 	: 	: 	101760 	94523 	107954 	87070 	100300 	96685 	103401 	132711 	115114 	121963 	149993 	146196 	245987 
A,NR,PET,CC1400-1999,UA	: 	: 	: 	: 	: 	: 	: 	: 	: 	: 	: 	: 	: 	: 	: 	: 	: 	: 	: 	: 	: 	: 	: 	: 	: 	: 	: 	: 	: 	: 	: 	: 	: 	: 	: 	: 	: 	: 	: 	: 	: 	: 	22299 	34090 	46168 	16281 	22299 
A,NR,PET,CC1400-1999,UK	: 	: 	: 	: 	: 	: 	: 	: 	: 	: 	: 	: 	: 	: 	: 	: 	: 	: 	: 	768288 	868072 	959850 	: 	996043 	1018778 	974041 	876122 	795715 	: 	657370 	: @C	520533 d	392333 d	366973 d	314758 d	: 	: 	: 	334198 	362612 	434992 	583576 	: 	: 	559545 	573787 	710903 
A,NR,PET,CC1400-1999,XK	: 	: 	: 	: 	: 	: 	: 	: 	: 	: 	: 	: 	: 	: 	: 	: 	: 	: 	: 	: 	: 	: 	: 	: 	: 	: 	: 	: 	: 	: 	: 	: 	: 	: 	: 	: 	: 	: 	: 	: 	1438 	756 	0 	: 	772 	: 	: 
A,NR,PET,CC_GE2000,AT	: 	: 	: 	: 	: 	: 	: 	: 	: 	: 	: 	: 	: 	: 	: 	: 	: 	: 	: 	: 	: 	: 	12276 	10284 	9802 	7731 	8016 	7972 	: 	8211 	7121 	6270 	4294 	3737 	3084 	2617 	2516 	2558 	2804 	4374 	5705 	6553 	6772 	6802 	8771 	8773 	11766 
A,NR,PET,CC_GE2000,BA	: 	: 	: 	: 	: 	: 	: 	: 	: 	: 	: 	: 	: 	: 	: 	: 	: 	: 	: 	: 	: 	: 	: 	: 	: 	: 	: 	: 	: 	: 	: 	: 	: 	: 	: 	: 	33 	27 	40 	73 	164 	145 	218 	144 	219 	293 	274 
A,NR,PET,CC_GE2000,BE	: 	: 	: 	: 	: 	: 	: 	: 	: 	: 	: 	: 	: 	: 	: 	: 	: 	: 	: 	: 	: 	: 	: 	: 	: 	: 	: 	8399 	7253 	7376 	7011 	5470 	4433 	4620 	: 	2411 	2996 	3843 	5359 	8840 	9412 	9576 	10467 	12450 	13164 	13711 	: 
A,NR,PET,CC_GE2000,CH	: 	: 	: 	: 	: 	: 	: 	: 	: 	: 	: 	: 	: 	: 	: 	: 	: 	: 	: 	: 	: 	: 	: 	: 	: 	: 	: 	50669 	45827 	45500 	39100 	33100 	24700 e	23200 	21700 e	20000 	16650 	17377 	18671 	21290 	23021 	25491 	25021 	21102 	22717 	22693 	23322 
A,NR,PET,CC_GE2000,CY	: 	: 	: 	: 	: 	: 	: 	: 	: 	: 	: 	: 	: 	: 	: 	: 	: 	: 	: 	: 	: 	: 	: 	: 	: 	: 	: 	: 	1268 	1025 	2735 	2874 	1542 	894 	520 	1542 	70 	133 	184 	291 	310 	352 	497 	643 	819 	784 	1147 
A,NR,PET,CC_GE2000,CZ	: 	: 	: 	: 	: 	: 	: 	: 	: 	: 	: 	: 	: 	: 	: 	: 	: 	: 	: 	: 	: 	: 	: 	: 	: 	: 	: 	: 	: 	: 	: 	: 	: 	: 	: 	: 	: 	: 	: 	: 	: 	: 	: 	: 	: 	8487 	11395 
A,NR,PET,CC_GE2000,DE	: 	: 	: 	: 	: 	: 	: 	: 	: 	: 	: 	: 	: 	: 	: 	: 	: 	: 	: 	: 	: 	: 	: 	: 	: 	: 	: 	233105 	218761 	200626 	157297 	144065 	109554 	99498 	85264 	67823 	60501 	61363 	71153 	87679 	127127 	143019 	144972 	130956 	141848 	174494 	151300 
A,NR,PET,CC_GE2000,EE	: 	: 	: 	: 	: 	: 	: 	: 	: 	: 	: 	: 	: 	: 	: 	: 	: 	: 	: 	: 	: 	: 	: 	858 	1118 	1467 	1619 	1671 	: 	2208 	2486 	1933 	943 	663 	952 	819 	677 	734 	760 	1138 	1270 	1388 	1926 	1366 	2090 	2167 	2586 
A,NR,PET,CC_GE2000,EL	: 	: 	: 	: 	: 	: 	: 	: 	: 	: 	: 	: 	: 	: 	: 	: 	: 	: 	: 	: 	: 	: 	2574 	3108 	2882 	3823 	5613 	: 	: 	: 	: 	: 	: 	: 	: 	: 	: 	: 	: 	: 	: 	: 	: 	: 	: 	: 	1514 
A,NR,PET,CC_GE2000,ES	: 	: 	: 	: 	: 	: 	: 	: 	: 	: 	: 	: 	: 	: 	: 	: 	: 	: 	: 	: 	: 	: 	: 	: 	: 	: 	: 	: 	: 	41545 d	38567 d	23281 d	14166 d	12017 d	8379 d	6390 d	: 	7667 	7245 	13644 	18015 	21261 	25416 	22141 	23148 	24036 	30911 
A,NR,PET,CC_GE2000,FI	: 	: 	: 	: 	: 	: 	: 	: 	: 	: 	: 	: 	: 	: 	: 	: 	: 	: 	: 	5388 d	6988 d	7317 d	7657 d	10656 d	11807 d	10391 d	12115 d	14914 d	: 	14028 d	10398 d	4127 d	1770 d	1362 	902 	655 	586 	514 	765 	1457 	2056 	2579 	3640 	4514 	6565 	5370 	4776 
A,NR,PET,CC_GE2000,FR	: 	: 	: 	: 	: 	: 	: 	: 	: 	: 	: 	: 	: 	: 	: 	: 	: 	: 	: 	: 	: 	35701 	36569 	34148 	44231 	35429 	29176 	26287 	: 	24022 d	22575 	12856 	11855 	10738 	9576 	8815 	7570 	8033 	10939 	21375 	23274 	26107 	31769 	28467 	33540 	34295 	43931 
A,NR,PET,CC_GE2000,GE	: 	: 	: 	: 	: 	: 	: 	: 	: 	: 	: 	: 	: 	: 	: 	: 	: 	: 	: 	: 	: 	: 	: 	: 	: 	: 	: 	: 	: 	: 	: 	: 	: 	: 	: 	: 	: 	: 	: 	: 	482 	601 	818 	818 	905 	1058 	1561 
A,NR,PET,CC_GE2000,HR	: 	: 	: 	: 	: 	: 	: 	: 	: 	: 	: 	: 	: 	: 	: 	: 	: 	: 	: 	: 	: 	: 	: 	: 	: 	: 	: 	: 	: 	: 	1835 	2209 	1709 	785 	794 	600 	: 	: 	: 	: 	: 	: 	: 	: 	722 	1148 	286 
A,NR,PET,CC_GE2000,HU	: 	: 	: 	: 	: 	: 	: 	: 	: 	: 	: 	: 	: 	: 	: 	: 	: 	: 	: 	: 	: 	: 	1382 	1385 	1993 	1844 	2034 	1856 	: 	1233 	1009 	1931 	: 	: 	368 	351 	515 	676 	776 	1646 	2874 	3606 	4843 	4981 	6392 	7850 	7418 
A,NR,PET,CC_GE2000,IE	2355 	1979 	: 	5097 	: 	: 	: 	: 	: 	: 	: 	: 	: 	1590 	: 	: 	: 	: 	: 	: 	: 	: 	: 	: 	: 	: 	: 	: 	: 	: 	: 	1525 	150 	122 	57 	35 	24 	41 	105 	190 	874 	1560 	3086 	3029 	4621 	5043 	5967 
A,NR,PET,CC_GE2000,IS	: 	: 	: 	: 	: 	: 	: 	: 	: 	: 	: 	: 	: 	: 	: 	: 	: 	: 	: 	: 	: 	: 	1755 	1517 	894 	854 	1735 	3241 e	5791 	: 	: 	: 	: 	: 	: 	: 	: 	: 	: 	: 	: 	: 	: 	: 	1834 	: 	: 
A,NR,PET,CC_GE2000,IT	: 	: 	: 	: 	: 	: 	: 	: 	: 	: 	: 	: 	: 	: 	: 	: 	: 	: 	: 	: 	: 	: 	: 	: 	: 	34114 	37009 	36643 	33765 	37335 	27322 	20736 	15081 	13297 	9038 	4473 	3899 	4736 	6761 	13460 	16227 	19559 	22997 	19252 	26948 	28137 	36636 
A,NR,PET,CC_GE2000,LI	: 	: 	: 	: 	: 	: 	: 	: 	: 	: 	: 	: 	: 	: 	: 	: 	: 	: 	: 	: 	: 	: 	: 	: 	: 	: 	390 	460 	: 	420 	410 	352 	261 	260 	235 	206 	161 	171 	192 	169 	281 	251 	245 	260 	222 	236 	237 
A,NR,PET,CC_GE2000,LT	: 	: 	: 	: 	: 	: 	: 	: 	: 	: 	: 	: 	: 	: 	: 	: 	: 	: 	: 	: 	: 	: 	: 	: 	: 	: 	16734 d	22292 	30157 	24349 	23493 	24302 	12372 	10441 	8072 	10305 	1444 b	303 	350 	622 	744 	520 	670 	: 	: 	2638 	2772 
A,NR,PET,CC_GE2000,LU	: 	: 	: 	: 	: 	: 	: 	: 	: 	: 	: 	: 	: 	: 	: 	: 	: 	: 	: 	: 	: 	: 	: 	: 	: 	3120 	2810 	2521 	2491 	2514 	2348 	2067 	1798 	: 	: 	: 	: 	: 	: 	: 	: 	: 	: 	: 	3260 	5087 i	7310 
A,NR,PET,CC_GE2000,LV	: 	: 	: 	: 	: 	: 	: 	: 	: 	: 	: 	: 	: 	: 	: 	: 	: 	: 	: 	: 	: 	: 	: 	: 	: 	: 	: 	: 	: 	: 	: 	: 	: 	: 	: 	: 	: 	503 	467 	665 	773 	933 	1246 	1002 	1279 	1560 	1607 
A,NR,PET,CC_GE2000,MD	: 	: 	: 	: 	: 	: 	: 	: 	: 	: 	: 	: 	: 	: 	: 	: 	: 	: 	: 	: 	: 	: 	: 	: 	: 	: 	: 	: 	: 	: 	: 	: 	: 	: 	: 	: 	658 	491 	300 	382 	1037 	622 	634 	606 	1082 	662 	1030 
A,NR,PET,CC_GE2000,ME	: 	: 	: 	: 	: 	: 	: 	: 	: 	: 	: 	: 	: 	: 	: 	: 	: 	: 	: 	: 	: 	: 	: 	: 	: 	: 	: 	: 	: 	: 	: 	: 	: 	: 	: 	: 	: 	: 	: 	30 	48 	41 	81 	52 	133 	: 	: 
A,NR,PET,CC_GE2000,MT	: 	: 	: 	: 	: 	: 	: 	: 	: 	: 	: 	: 	: 	: 	: 	: 	: 	: 	: 	: 	: 	: 	108 	99 	129 	106 	: 	: 	89 	136 	86 	145 	326 	290 	266 	179 	: 	: 	23 	41 	35 	35 	34 	71 	183 	440 	299 
A,NR,PET,CC_GE2000,NO	: 	: 	: 	: 	: 	: 	: 	: 	: 	: 	: 	: 	: 	: 	: 	: 	: 	: 	: 	: 	: 	: 	: 	: 	: 	: 	: 	: 	: 	: 	: 	: 	: 	: 	: 	: 	: 	: 	: 	8985 	10574 	11165 	15263 	16460 	17443 	8756 	6397 
A,NR,PET,CC_GE2000,PL	: 	: 	: 	: 	: 	: 	: 	: 	: 	: 	: 	: 	: 	: 	: 	: 	: 	: 	: 	: 	: 	: 	: 	: 	: 	: 	4879 	: 	35358 	34410 	40259 	53528 	24369 	19091 	20180 	19773 	: 	: 	: 	: 	: 	: 	: 	: 	: 	: 	: 
A,NR,PET,CC_GE2000,PT	: 	: 	: 	: 	: 	: 	: 	: 	: 	: 	: 	: 	: 	: 	: 	: 	: 	: 	: 	: 	: 	: 	: 	: 	: 	: 	: 	: 	: 	: 	: 	: 	: 	: 	: 	: 	: 	: 	: 	: 	1394 	2163 	2833 	2319 	2464 	2856 	3564 
A,NR,PET,CC_GE2000,RO	: 	: 	: 	: 	: 	: 	: 	: 	: 	: 	: 	: 	: 	: 	: 	: 	: 	: 	: 	: 	: 	: 	: 	: 	: 	: 	: 	: 	: 	: 	: 	: 	: 	2273 d	1132 d	310 d	291 	317 	433 	928 	1090 	1656 	2864 	3264 	5025 	6110 	8279 
A,NR,PET,CC_GE2000,RS	: 	: 	: 	: 	: 	: 	: 	: 	: 	: 	: 	: 	: 	: 	: 	: 	: 	: 	: 	: 	: 	: 	: 	: 	: 	: 	: 	: 	: 	: 	: 	: 	: 	: 	: 	: 	: 	: 	: 	: 	: 	: 	637 	812 	1063 	1391 	1639 
A,NR,PET,CC_GE2000,SE	: 	: 	: 	: 	: 	: 	: 	: 	: 	: 	: 	: 	: 	: 	: 	: 	: 	: 	: 	: 	: 	: 	: 	: 	: 	: 	: 	: 	80434 u	57881 u	47733 u	24958 u	9037 b	9611 	9389 	7802 	7789 	7468 	8585 	11863 	13167 	17311 	22587 	18294 	18948 	18830 	18746 
A,NR,PET,CC_GE2000,SI	: 	: 	: 	: 	: 	: 	: 	: 	: 	: 	: 	: 	: 	: 	: 	: 	: 	: 	: 	: 	1179 	1146 	1573 	982 	1146 	678 	564 	: 	612 	613 	770 	846 	674 	334 	225 	112 	112 	99 	108 	211 	275 	283 	250 	: 	: 	: 	1659 
A,NR,PET,CC_GE2000,TR	: 	: 	: 	: 	: 	: 	: 	: 	: 	: 	: 	: 	: 	: 	: 	: 	: 	: 	: 	: 	: 	: 	: 	: 	: 	: 	: 	: 	: 	: 	: 	: 	: 	: 	972 d	1519 d	1343 	1117 	1355 	1127 	1308 	1179 	1489 	1848 	1846 	1813 	2416 
A,NR,PET,CC_GE2000,UA	: 	: 	: 	: 	: 	: 	: 	: 	: 	: 	: 	: 	: 	: 	: 	: 	: 	: 	: 	: 	: 	: 	: 	: 	: 	: 	: 	: 	: 	: 	: 	: 	: 	: 	: 	: 	: 	: 	: 	: 	: 	: 	8979 	11304 	15138 	5919 	8979 
A,NR,PET,CC_GE2000,UK	: 	: 	: 	: 	: 	: 	: 	: 	: 	: 	: 	: 	: 	: 	: 	: 	: 	: 	: 	140286 	177756 	187609 	: 	190242 	225998 	209246 	195493 	185392 	: 	144820 	: @C	78098 d	56145 d	49351 d	35859 d	: 	: 	: 	57496 	74894 	86624 	92076 	: 	: 	91628 	98606 	110239 
A,NR,PET,CC_GE2000,XK	: 	: 	: 	: 	: 	: 	: 	: 	: 	: 	: 	: 	: 	: 	: 	: 	: 	: 	: 	: 	: 	: 	: 	: 	: 	: 	: 	: 	: 	: 	: 	: 	: 	: 	: 	: 	: 	: 	: 	: 	340 	207 	0 	: 	308 	: 	: 
A,NR,PET,CC_LT1400,AT	: 	: 	: 	: 	: 	: 	: 	: 	: 	: 	: 	: 	: 	: 	: 	: 	: 	: 	: 	: 	: 	: 	65950 	65517 	59831 	50607 	52760 	57475 	: 	77393 	78408 	90461 	123289 	117892 	122683 	112335 	107546 	102932 	100148 	105762 	130826 	139223 	129350 	89253 	87136 	69728 	70702 
A,NR,PET,CC_LT1400,BA	: 	: 	: 	: 	: 	: 	: 	: 	: 	: 	: 	: 	: 	: 	: 	: 	: 	: 	: 	: 	: 	: 	: 	: 	: 	: 	: 	: 	: 	: 	: 	: 	: 	: 	: 	: 	1349 	1222 	1281 	1600 	1832 	2097 	2478 	1957 	2326 	2679 	3044 
A,NR,PET,CC_LT1400,BE	: 	: 	: 	: 	: 	: 	: 	: 	: 	: 	: 	: 	: 	: 	: 	: 	: 	: 	: 	: 	: 	: 	: 	: 	: 	: 	: 	91690 	85325 	91852 	82207 	79445 	85331 	94407 	: 	105943 	122500 	134421 	149265 	184769 	204784 	235466 	233117 	161476 	146040 	137897 	: 
A,NR,PET,CC_LT1400,CH	: 	: 	: 	: 	: 	: 	: 	: 	: 	: 	: 	: 	: 	: 	: 	: 	: 	: 	: 	: 	: 	: 	: 	: 	: 	: 	: 	47420 	46836 	50300 	54700 	67200 	74200 e	90000 	102500 e	98600 	96264 	94055 	101269 	97848 	98780 	90790 	81683 	58219 	60978 	50884 	50259 
A,NR,PET,CC_LT1400,CY	: 	: 	: 	: 	: 	: 	: 	: 	: 	: 	: 	: 	: 	: 	: 	: 	: 	: 	: 	: 	: 	: 	: 	: 	: 	: 	: 	: 	17151 	16410 	17795 	15352 	10988 	10198 	9067 	6776 	2851 	2880 	3645 	4378 	4255 	3894 	4007 	3229 	3708 	4058 	4363 
A,NR,PET,CC_LT1400,CZ	: 	: 	: 	: 	: 	: 	: 	: 	: 	: 	: 	: 	: 	: 	: 	: 	: 	: 	: 	: 	: 	: 	: 	: 	: 	: 	: 	: 	: 	: 	: 	: 	: 	: 	: 	: 	: 	: 	: 	: 	: 	: 	: 	: 	: 	53335 	55182 
A,NR,PET,CC_LT1400,DE	: 	: 	: 	: 	: 	: 	: 	: 	: 	: 	: 	: 	: 	: 	: 	: 	: 	: 	: 	: 	: 	: 	: 	: 	: 	: 	: 	701613 	747067 	797480 	746392 	811631 	1674745 	992741 	1017965 	991291 	1001732 	1054385 	1088907 	1155187 	1276932 	1248485 	1133279 	847781 	752285 	667424 	686656 
A,NR,PET,CC_LT1400,EE	: 	: 	: 	: 	: 	: 	: 	: 	: 	: 	: 	: 	: 	: 	: 	: 	: 	: 	: 	: 	: 	: 	: 	2018 	3181 	3213 	3688 	3739 	: 	4881 	5053 	4395 	1594 	1956 	3810 	3827 	4128 	5621 	6637 	7688 	9221 	9071 	8832 	5487 	5838 	4119 	4690 
A,NR,PET,CC_LT1400,EL	: 	: 	: 	: 	: 	: 	: 	: 	: 	: 	: 	: 	: 	: 	: 	: 	: 	: 	: 	: 	: 	: 	185604 	200738 	189299 	171676 	150681 	: 	: 	: 	: 	: 	: 	: 	: 	: 	: 	: 	: 	: 	: 	: 	: 	: 	: 	: 	64501 
A,NR,PET,CC_LT1400,ES	: 	: 	: 	: 	: 	: 	: 	: 	: 	: 	: 	: 	: 	: 	: 	: 	: 	: 	: 	: 	: 	: 	: 	: 	: 	: 	: 	: 	: 	254175 d	240970 d	197144 d	181289 d	205866 d	159214 d	154430 d	: 	228987 	309936 	396304 	480855 	588154 	561445 	348006 	369577 	336805 	384631 
A,NR,PET,CC_LT1400,FI	: 	: 	: 	: 	: 	: 	: 	: 	: 	: 	: 	: 	: 	: 	: 	: 	: 	: 	: 	19091 d	20244 d	25306 d	28460 d	28319 d	21409 d	23662 d	28943 d	24457 d	: 	23941 d	20079 d	22357 d	19413 d	28981 	35061 	33915 	33551 	37603 	44369 	51989 	50736 	48498 	43853 	34077 	32464 	21389 	16658 
A,NR,PET,CC_LT1400,FR	: 	: 	: 	: 	: 	: 	: 	: 	: 	: 	: 	: 	: 	: 	: 	: 	: 	: 	: 	: 	: 	708208 	690419 	657217 	568453 	444807 	376948 	371951 	: 	364320 d	344843 	350903 	550902 	477911 	475831 	389394 	450119 	520808 	665464 	779228 	918121 	1085837 	1141466 	768964 	739800 	652056 	758478 
A,NR,PET,CC_LT1400,GE	: 	: 	: 	: 	: 	: 	: 	: 	: 	: 	: 	: 	: 	: 	: 	: 	: 	: 	: 	: 	: 	: 	: 	: 	: 	: 	: 	: 	: 	: 	: 	: 	: 	: 	: 	: 	: 	: 	: 	: 	311 	423 	134 	134 	287 	617 	656 
A,NR,PET,CC_LT1400,HR	: 	: 	: 	: 	: 	: 	: 	: 	: 	: 	: 	: 	: 	: 	: 	: 	: 	: 	: 	: 	: 	: 	: 	: 	: 	: 	: 	: 	: 	: 	40084 	37049 	19409 	16802 	15290 	11319 	: 	: 	: 	: 	: 	: 	: 	: 	15221 	16507 	25715 
A,NR,PET,CC_LT1400,HU	: 	: 	: 	: 	: 	: 	: 	: 	: 	: 	: 	: 	: 	: 	: 	: 	: 	: 	: 	: 	: 	: 	86154 	84680 	92881 	109379 	129459 	119659 	: 	82777 	66251 	73306 	: 	: 	14559 	17308 	18526 	22476 	25484 	33784 	41884 	54749 	75983 	56530 	52070 	39851 	33468 
A,NR,PET,CC_LT1400,IE	40749 	42333 	: 	67048 	: 	: 	: 	: 	: 	: 	: 	: 	: 	49657 	: 	: 	: 	: 	: 	: 	: 	: 	: 	: 	: 	: 	: 	: 	: 	: 	: 	57717 	17332 	31098 	26596 	15972 	18197 	19715 	32809 	37158 	36463 	42862 	43025 	28734 	31480 	30797 	34319 
A,NR,PET,CC_LT1400,IS	: 	: 	: 	: 	: 	: 	: 	: 	: 	: 	: 	: 	: 	: 	: 	: 	: 	: 	: 	: 	: 	: 	3657 	3228 	1524 	1334 	2008 	2341 e	3096 	: 	: 	: 	: 	: 	: 	: 	: 	: 	: 	: 	: 	: 	: 	: 	2451 	: 	: 
A,NR,PET,CC_LT1400,IT	: 	: 	: 	: 	: 	: 	: 	: 	: 	: 	: 	: 	: 	: 	: 	: 	: 	: 	: 	: 	: 	: 	: 	: 	: 	513674 d	554503 d	420397 d	348726 d	346047 d	367279 d	293294 d	266790 d	228248 d	205475 d	165752 	165753 	176233 	216812 	255340 	282494 	358130 	480777 	423882 	569420 	502233 	591051 
A,NR,PET,CC_LT1400,LI	: 	: 	: 	: 	: 	: 	: 	: 	: 	: 	: 	: 	: 	: 	: 	: 	: 	: 	: 	: 	: 	: 	: 	: 	: 	: 	280 	220 	: 	250 	250 	338 	335 	369 	503 	496 	489 	451 	481 	405 	468 	358 	318 	224 	287 	231 	212 
A,NR,PET,CC_LT1400,LT	: 	: 	: 	: 	: 	: 	: 	: 	: 	: 	: 	: 	: 	: 	: 	: 	: 	: 	: 	: 	: 	: 	: 	: 	: 	: 	11800 d	12696 d	13286 	13816 	16254 	16035 d	10466 	9493 	6223 	7345 	925 b	2319 	3042 	4231 	5729 	8132 	9985 	: 	: 	5698 	5319 
A,NR,PET,CC_LT1400,LU	: 	: 	: 	: 	: 	: 	: 	: 	: 	: 	: 	: 	: 	: 	: 	: 	: 	: 	: 	: 	: 	: 	: 	: 	: 	5649 	5652 	4615 	4069 	4340 	4177 	5140 	6729 	: 	: 	: 	: 	: 	: 	: 	: 	: 	: 	: 	10216 	8103 i	8742 
A,NR,PET,CC_LT1400,LV	: 	: 	: 	: 	: 	: 	: 	: 	: 	: 	: 	: 	: 	: 	: 	: 	: 	: 	: 	: 	: 	: 	: 	: 	: 	: 	: 	: 	: 	: 	: 	: 	: 	: 	: 	: 	: 	2787 	3714 	5144 	4737 	4629 	4108 	2714 	3194 	4226 	3063 
A,NR,PET,CC_LT1400,MD	: 	: 	: 	: 	: 	: 	: 	: 	: 	: 	: 	: 	: 	: 	: 	: 	: 	: 	: 	: 	: 	: 	: 	: 	: 	: 	: 	: 	: 	: 	: 	: 	: 	: 	: 	: 	8805 	5234 	3631 	3632 	5521 	4822 	4722 	3844 	4261 	3160 	3902 
A,NR,PET,CC_LT1400,ME	: 	: 	: 	: 	: 	: 	: 	: 	: 	: 	: 	: 	: 	: 	: 	: 	: 	: 	: 	: 	: 	: 	: 	: 	: 	: 	: 	: 	: 	: 	: 	: 	: 	: 	: 	: 	: 	: 	: 	761 	911 	1176 	1486 	359 	1072 	: 	: 
A,NR,PET,CC_LT1400,MT	: 	: 	: 	: 	: 	: 	: 	: 	: 	: 	: 	: 	: 	: 	: 	: 	: 	: 	: 	: 	: 	: 	7655 	413 	861 	3841 	: 	: 	7102 	6861 	6471 	6463 	8694 	7246 	7674 	6499 	: 	: 	3811 	3899 	4160 	4268 	4055 	2496 	2923 	2803 	2827 
A,NR,PET,CC_LT1400,NO	: 	: 	: 	: 	: 	: 	: 	: 	: 	: 	: 	: 	: 	: 	: 	: 	: 	: 	: 	: 	: 	: 	: 	: 	: 	: 	: 	: 	: 	: 	: 	: 	: 	: 	: 	: 	: 	: 	: 	33050 	30494 	23752 	14376 	9349 	8116 	3912 	1139 
A,NR,PET,CC_LT1400,PL	: 	: 	: 	: 	: 	: 	: 	: 	: 	: 	: 	: 	: 	: 	: 	: 	: 	: 	: 	: 	: 	: 	: 	: 	: 	: 	158431 	277674 	254789 	231080 	249719 	243012 	161595 	171514 	184589 	184362 	: 	: 	: 	: 	: 	: 	: 	: 	: 	: 	: 
A,NR,PET,CC_LT1400,PT	: 	: 	: 	: 	: 	: 	: 	: 	: 	: 	: 	: 	: 	: 	: 	: 	: 	: 	: 	: 	: 	: 	: 	: 	: 	: 	: 	: 	: 	: 	: 	: 	: 	: 	: 	: 	: 	: 	: 	: 	71571 	81491 	101861 	63262 	66602 	72936 	85356 
A,NR,PET,CC_LT1400,RO	: 	: 	: 	: 	: 	: 	: 	: 	: 	: 	: 	: 	: 	: 	: 	: 	: 	: 	: 	: 	: 	: 	: 	: 	: 	: 	: 	: 	: 	: 	: 	: 	: 	104844 d	64003 d	19981 d	19589 	23653 	27967 	33237 	37443 	55927 	86576 	55538 	44553 	47702 	46965 
A,NR,PET,CC_LT1400,RS	: 	: 	: 	: 	: 	: 	: 	: 	: 	: 	: 	: 	: 	: 	: 	: 	: 	: 	: 	: 	: 	: 	: 	: 	: 	: 	: 	: 	: 	: 	: 	: 	: 	: 	: 	: 	: 	: 	: 	: 	: 	: 	19935 	19690 	18770 	17452 	17080 
A,NR,PET,CC_LT1400,SE	: 	: 	: 	: 	: 	: 	: 	: 	: 	: 	: 	: 	: 	: 	: 	: 	: 	: 	: 	: 	: 	: 	: 	: 	: 	: 	: 	: 	36275 u	41903 u	41973 u	34673 u	42275 b	58172 	57318 	53541 	60294 	73278 	88028 	106834 	104311 	98563 	89257 	68773 	63131 	39055 	41273 
A,NR,PET,CC_LT1400,SI	: 	: 	: 	: 	: 	: 	: 	: 	: 	: 	: 	: 	: 	: 	: 	: 	: 	: 	: 	: 	33836 	33298 	41562 	30527 	27645 	23601 	24551 	: 	23049 	23508 	24852 	27140 	24017 	25642 	23068 	17827 	18322 	19888 	24807 	26842 	31419 	38334 	36943 	: 	: 	: 	19418 
A,NR,PET,CC_LT1400,TR	: 	: 	: 	: 	: 	: 	: 	: 	: 	: 	: 	: 	: 	: 	: 	: 	: 	: 	: 	: 	: 	: 	: 	: 	: 	: 	: 	: 	: 	: 	: 	: 	: 	: 	115992 	115568 	147209 	121981 	169107 	173641 	154616 	45241 	35408 	195212 	277371 	290998 	455851 
A,NR,PET,CC_LT1400,UA	: 	: 	: 	: 	: 	: 	: 	: 	: 	: 	: 	: 	: 	: 	: 	: 	: 	: 	: 	: 	: 	: 	: 	: 	: 	: 	: 	: 	: 	: 	: 	: 	: 	: 	: 	: 	: 	: 	: 	: 	: 	: 	5675 	11743 	12164 	3463 	5675 
A,NR,PET,CC_LT1400,UK	: 	: 	: 	: 	: 	: 	: 	: 	: 	: 	: 	: 	: 	: 	: 	: 	: 	: 	: 	749962 	769037 	771204 	: 	815132 	877799 	859205 	842531 	767452 	: 	635890 	: @C	584427 d	689411 d	644559 d	573888 d	: 	: 	: 	943139 	952844 	925086 	912759 	: 	: 	574267 	521197 	624710 
A,NR,PET,CC_LT1400,XK	: 	: 	: 	: 	: 	: 	: 	: 	: 	: 	: 	: 	: 	: 	: 	: 	: 	: 	: 	: 	: 	: 	: 	: 	: 	: 	: 	: 	: 	: 	: 	: 	: 	: 	: 	: 	: 	: 	: 	: 	1150 	1163 	0 	: 	1760 	: 	: 
A,NR,PET,TOTAL,AL	: 	: 	: 	: 	: 	: 	: 	: 	: 	: 	: 	: 	: 	: 	: 	: 	: 	: 	: 	: 	: 	: 	: 	: 	: 	: 	: 	: 	: 	: 	: 	: 	: 	: 	: 	: 	: 	: 	: 	: 	: 	: 	5860 	10336 	9591 	8822 	12476 
A,NR,PET,TOTAL,AT	: 	: 	: 	: 	: 	: 	: 	: 	: 	: 	: 	: 	: 	: 	: 	: 	: 	: 	160406 	155805 	128480 	134556 	133951 	118133 	100833 	84905 	85586 	91022 	: 	116282 	120424 	131616 	170847 	159740 	159027 	143325 	136689 	128670 	125656 	136148 	171862 	192503 	189054 	133151 	134529 	119271 	130321 
A,NR,PET,TOTAL,BA	: 	: 	: 	: 	: 	: 	: 	: 	: 	: 	: 	: 	: 	: 	: 	: 	: 	: 	: 	: 	: 	: 	: 	: 	: 	: 	: 	: 	: 	: 	: 	: 	: 	: 	: 	: 	1967 	1833 	1825 	2377 	2905 	3347 	3858 	2951 	3723 	4609 	5558 
A,NR,PET,TOTAL,BE	: 	: 	: 	: 	: 	: 	: 	: 	: 	: 	: 	: 	: 	: 	: 	: 	: 	: 	: 	: 	: 	: 	: 	: 	: 	: 	: 	146346 	132208 	134230 	120979 	113707 	117193 	128566 	135266 	145844 	169665 	181524 	198299 	256076 	288484 	347284 	365729 	268148 	262988 	263382 	336741 i
A,NR,PET,TOTAL,BG	: 	: 	: 	: 	: 	: 	: 	: 	: 	: 	: 	: 	: 	: 	: 	: 	: 	: 	: 	: 	: 	: 	: 	: 	: 	: 	: 	: 	: 	: 	: 	: 	: 	: 	: 	: 	: 	: 	: 	: 	: 	: 	: 	: 	: 	22196 i	29661 i
A,NR,PET,TOTAL,CH	: 	: 	: 	: 	: 	: 	: 	: 	: 	: 	: 	: 	329861 	314281 	302764 	278165 	248454 	254027 	257210 	259507 	257127 	278426 	293896 	285407 	272734 	240771 	211547 	197776 	185120 	185800 	185100 	189100 	182200 e	200600 	211500 e	200600 	191314 	187073 	193203 	188679 	195261 	202879 	214640 	160657 	166837 	150952 	165982 
A,NR,PET,TOTAL,CY	: 	: 	: 	: 	: 	: 	: 	: 	: 	: 	: 	: 	: 	17874 	15823 	16712 	11973 	12113 	16040 	17618 	16668 	19692 	16476 	16430 	21469 	25866 	28618 	42778 	37383 	35768 	46812 	44719 	30948 	26607 	22700 	16698 	5784 	5086 	5917 	7134 	7650 	7857 	8011 	7130 	9071 	10633 	13406 
A,NR,PET,TOTAL,CZ	: 	: 	: 	: 	: 	: 	: 	: 	: 	: 	: 	: 	: 	: 	: 	: 	: 	: 	: 	: 	: 	: 	: 	: 	: 	: 	: 	: 	: 	: 	: 	: 	: 	: 	: 	: 	: 	: 	: 	: 	: 	: 	: 	: 	141738 	122954 	147244 
A,NR,PET,TOTAL,DE	: 	: 	: 	: 	: 	: 	: 	: 	: 	: 	: 	: 	: 	: 	: 	3340206 	2717031 	2664919 	2830290 	2971144 	3002270 	3077600 	2948645 	2349941 	2183723 	2013610 	1942837 	1823530 	1903190 	1910823 	1622276 	1695972 	2608767 	1669927 	1651637 	1555241 	1502784 	1533726 	1611389 	1746291 	2068741 	2255042 	2298504 	1760071 	1560342 	1520618 	1601700 
A,NR,PET,TOTAL,DK	: 	: 	: 	: 	: 	: 	: 	: 	: 	: 	: 	: 	: 	: 	: 	: 	: 	: 	: 	: 	: 	: 	: 	: 	: 	: 	: 	: 	: 	89831 	117333 	82288 	: 	: 	: 	: 	122644 	127253 	138104 	140938 	143227 	144443 	159630 	138421 b	134993 	101039 	95539 
A,NR,PET,TOTAL,EE	: 	: 	: 	: 	: 	: 	: 	: 	: 	: 	: 	: 	: 	: 	: 	: 	: 	: 	: 	: 	: 	: 	: 	8462 	10975 	12219 	12929 	13118 	: 	18978 	22394 	18495 	6465 	6890 	11372 	12049 	12208 	13054 	14069 	16592 	19177 	19686 	20510 	13164 	16415 	15324 	17357 
A,NR,PET,TOTAL,EL	: 	: 	: 	: 	: 	: 	: 	: 	: 	: 	: 	: 	: 	: 	: 	: 	152341 	115917 	130480 	138360 	163822 	181605 	266783 	300456 	287514 	275210 	267663 	: 	: 	: 	: 	: 	: 	: 	: 	: 	: 	: 	: 	: 	: 	: 	: 	: 	75989 e	80081 	104526 
A,NR,PET,TOTAL,ES	: 	: 	: 	: 	: 	: 	: 	: 	: 	: 	: 	: 	: 	: 	: 	: 	608145 	694239 	585950 	599030 	623613 	662798 d	735779 	681967 	718980 	603178 	: 	: 	: 	521235 d	495902 d	377826 d	298852 d	299637 d	249180 d	224403 d	: 	297176 	383904 	496893 	636041 	831810 	874489 	561541 	613097 	598239 	714633 
A,NR,PET,TOTAL,EU27_2020	: 	: 	: 	: 	: 	: 	: 	: 	: 	: 	: 	: 	: 	: 	: 	: 	: 	: 	: 	: 	: 	: 	: 	: 	: 	: 	: 	: 	: 	: 	: 	: 	: 	: 	: 	: 	: 	: 	: 	: 	: 	: 	: 	: 	: 	5991324 	6775361 
A,NR,PET,TOTAL,FI	: 	: 	: 	: 	: 	: 	: 	: 	: 	: 	: 	: 	: 	131830 d	97997 d	65095 d	51465 d	63455 d	74386 	82878 d	89225 d	106025 d	114295 d	108273 d	91412 d	98837 d	125042 d	120536 d	: 	116128 	89817 d	70331 d	48582 d	64854 	72128 	66808 	64194 	64181 	69469 	79042 	81435 	89497 	88141 	75765 	76158 	59099 	52225 
A,NR,PET,TOTAL,FR	: 	: 	1831187 	1687163 	1619475 	1834867 	1824565 	1517193 	1501473 	1612025 	1720991 	1694629 	1595925 	1546938 	1250653 	1284983 	937925 	1032913 	1032418 	1294152 	990040 	1138628 	1185187 	1080849 	981301 	784799 	651356 	617449 	: 	568243 	532685 	459953 	642691 	572862 	581508 	486968 	562849 	623201 	777645 	928357 	1116655 	1329928 	1438898 	1025021 	1097422 	1049065 	1251289 i
A,NR,PET,TOTAL,GE	: 	: 	: 	: 	: 	: 	: 	: 	: 	: 	: 	: 	: 	: 	: 	: 	: 	: 	: 	: 	: 	: 	: 	: 	: 	: 	: 	: 	: 	: 	: 	: 	: 	: 	: 	: 	: 	: 	: 	: 	1968 	2168 	1379 	1379 	2149 	3453 	4663 
A,NR,PET,TOTAL,HR	: 	: 	: 	: 	: 	: 	: 	: 	: 	: 	: 	: 	: 	: 	: 	23307 	43909 	43289 	49330 	56660 	87318 	70245 	70136 	73179 	74834 	60230 	58102 	50126 	53554 	64763 	59600 	58348 	32423 	26503 	24150 	17425 	: 	: 	: 	: 	: 	: 	: 	: 	23426 	26618 	32234 
A,NR,PET,TOTAL,HU	: 	: 	: 	: 	: 	: 	: 	: 	: 	: 	: 	: 	: 	: 	: 	36641 	58009 	43372 	53250 	60835 	68348 	97566 	121391 	122875 	127563 	144887 	168844 	155803 	: 	113350 	95566 	110383 	: 	30157 	24594 	30047 	30458 	37621 	44873 	61753 	78458 	102718 	123906 	93177 	89975 	85461 	81654 
A,NR,PET,TOTAL,IE	: 	: 	: 	: 	: 	: 	: 	: 	51279 	: 	: 	: 	: 	71649 	: 	57293 	51133 	64782 	69666 	94695 	111308 	121210 	151219 	201938 	139909 	125347 	117765 	121196 	129209 	128634 	130846 	95562 	20988 	34675 	29603 	17791 	19892 	21067 	35311 	41160 	45304 	56554 	62554 	46630 	58808 	59687 	70094 
A,NR,PET,TOTAL,IS	: 	: 	: 	: 	: 	: 	: 	: 	: 	: 	: 	: 	: 	: 	: 	: 	5393 	5231 	6352 	8517 	10153 	12751 	14248 	12196 	6629 	6457 	9447 	12170 e	18149 	: 	: 	: 	: 	: 	: 	: 	: 	: 	: 	: 	13645 	12061 	8233 	5706 	8949 	8002 i	5852 i
A,NR,PET,TOTAL,IT	: 	: 	: 	: 	: 	: 	: 	: 	: 	: 	: 	: 	: 	: 	: 	: 	: 	: 	1587538 	1556470 	1965508 	1900170 p	: 	: 	: 	1285215 	1290193 	1125297 	965077 	1005815 	1030105 	933410 	800690 	720802 	695530 	474948 	419045 	420708 	521450 	643165 	700072 	774685 	969245 	773479 	906634 	833735 	1014551 
A,NR,PET,TOTAL,LI	: 	: 	: 	: 	: 	: 	: 	: 	: 	: 	: 	: 	: 	: 	: 	: 	: 	: 	2 	2 	2 	2 	2 	: 	: 	: 	1220 	1210 	: 	1200 	1190 	1272 	1081 	1070 	1227 	1126 	1041 	979 	1072 	951 	1116 	1152 	1186 	922 	977 	890 	958 
A,NR,PET,TOTAL,LT	: 	: 	: 	: 	: 	: 	: 	: 	: 	: 	: 	: 	: 	: 	: 	: 	: 	: 	: 	: 	: 	: 	: 	: 	: 	68097 	93645 d	104409 d	130525 	118712 d	119120 	105988 	61303 	50418 	32915 	42350 	5236 	4760 	6002 	8734 	11162 	14224 	17917 	32922 	21892 	19072 	20520 
A,NR,PET,TOTAL,LU	: 	: 	: 	: 	: 	: 	: 	: 	: 	: 	: 	: 	: 	: 	: 	: 	: 	: 	: 	: 	: 	: 	: 	: 	: 	16523 	14876 	13233 	11894 	11437 	11400 	11856 	12616 	: 	: 	: 	: 	: 	: 	: 	: 	: 	30120 	24548 	25132 	23339 	27804 
A,NR,PET,TOTAL,LV	: 	: 	: 	: 	: 	: 	: 	: 	: 	: 	: 	: 	: 	: 	: 	: 	: 	: 	47278 	46380 	60175 	48195 	39196 	28638 	27528 	28144 	33352 	38252 	46891 	59962 	62475 	31542 	8757 	11047 	14491 	13960 	: 	5759 	7211 	9381 	9488 	10240 	11393 	8363 	9935 	11857 	12702 
A,NR,PET,TOTAL,MD	: 	: 	: 	: 	: 	: 	: 	: 	: 	: 	: 	: 	: 	: 	: 	: 	: 	: 	: 	: 	: 	: 	: 	: 	: 	: 	: 	: 	: 	: 	: 	: 	: 	: 	: 	: 	15126 	9874 	6530 	6770 	12395 	8608 	8884 	7749 	10409 	8090 	10793 
A,NR,PET,TOTAL,ME	: 	: 	: 	: 	: 	: 	: 	: 	: 	: 	: 	: 	: 	: 	: 	: 	: 	: 	: 	: 	: 	: 	: 	: 	: 	: 	: 	: 	: 	: 	: 	: 	: 	: 	: 	: 	: 	: 	: 	999 	1313 	1625 	2026 	596 	1787 	2456 	: 
A,NR,PET,TOTAL,MT	: 	: 	: 	: 	: 	: 	: 	: 	: 	: 	: 	: 	: 	: 	: 	: 	: 	: 	: 	: 	: 	7948 	9369 	6853 	4865 	4853 	: 	: 	8276 	8300 	7897 	7989 	12354 	9655 	9791 	7671 	: 	: 	4418 	4679 	5133 	5477 	5327 	3342 	4226 	4933 	5218 
A,NR,PET,TOTAL,NL	: 	: 	: 	: 	: 	: 	: 	: 	: 	: 	: 	: 	: 	: 	: 	: 	: 	: 	: 	: 	396257 	432059 	471274 	462412 	408305 	: 	: 	: 	331027 	342397 	351671 	352478 	288019 	364054 	374811 	323370 	307912 	275419 	314882 	304643 	331608 	360573 	350015 	267482 	249350 	231791 	249274 
A,NR,PET,TOTAL,NO	: 	: 	: 	: 	: 	: 	: 	: 	: 	: 	: 	: 	55796 	61240 	51606 	55768 	54888 	: 	91852 	134905 	142177 	129163 	111526 	112104 	: 	: 	: 	99281 	: 	68382 	39970 	37649 	32398 	37908 	37924 	53440 	57700 	54912 	55671 	82910 	90074 	78323 	59964 	52595 	54209 	30186 	19066 
A,NR,PET,TOTAL,PL	: 	: 	: 	: 	: 	: 	: 	: 	: 	: 	: 	: 	: 	: 	: 	: 	: 	: 	393927 	548099 	644734 	517726 	540256 	443682 	355662 	: 	220339 	589018 	591783 	546325 	580706 	578430 	358015 	354925 	392762 	399195 	185427 b	156870 i	231619 i	279656 i	344340 i	400747 i	439677 i	334136 i	322308 i	298162 i	300834 i
A,NR,PET,TOTAL,PT	: 	: 	: 	: 	: 	: 	: 	: 	: 	: 	: 	: 	: 	: 	: 	: 	: 	: 	: 	: 	: 	: 	: 	: 	: 	: 	: 	: 	: 	: 	: 	: 	: 	: 	: 	: 	: 	: 	: 	: 	81073 	97697 	123064 	83561 	91395 	100758 	123422 
A,NR,PET,TOTAL,RO	: 	: 	: 	: 	: 	: 	: 	: 	: 	: 	: 	: 	: 	: 	: 	: 	: 	: 	: 	: 	: 	: 	: 	: 	: 	: 	: 	: 	: 	: 	: 	330641 	204290 d	196844 d	108347 d	32118 d	25807 	29576 	35509 	45417 	51554 	75586 	114564 	79244 	74857 	84943 	91118 
A,NR,PET,TOTAL,RS	: 	: 	: 	: 	: 	: 	: 	: 	: 	: 	: 	: 	: 	: 	: 	: 	: 	: 	: 	: 	: 	: 	: 	: 	: 	: 	: 	: 	: 	: 	: 	: 	: 	: 	: 	: 	: 	: 	: 	: 	: 	: 	28285 	27431 	27768 	29005 	30952 
A,NR,PET,TOTAL,SE	: 	: 	: 	: 	: 	: 	: 	: 	: 	: 	: 	: 	311871 	233546 	190030 	155882 	123724 	154441 	170130 	185894 	228797 	246082 	298374 	315229 	264895 	262364 	270998 	273015 	266338 	241374 	212580 	167502 	91010 	111947 	109353 	93862 	108067 	126019 	145383 	177903 	191048 	215360 	221280 	194265 	189502 	153387 	146412 
A,NR,PET,TOTAL,SI	: 	: 	: 	: 	: 	: 	: 	: 	: 	: 	: 	: 	: 	: 	: 	: 	: 	: 	: 	: 	: 	61185 	68976 	49755 	43240 	34955 	35071 	33965 	34016 	35078 	38584 	43543 	37442 	38173 	34042 	24845 	23942 	23916 	29038 	31429 	38229 	48240 	47937 	33287 i	37219 i	32866 i	36290 
A,NR,PET,TOTAL,SK	: 	: 	: 	: 	: 	: 	: 	: 	: 	: 	: 	: 	: 	: 	: 	: 	: 	: 	: 	: 	: 	: 	: 	: 	: 	: 	: 	: 	: 	: 	: 	: 	: 	: 	: 	: 	: 	: 	: 	: 	: 	: 	: 	: 	: 	62814 i	68592 i
A,NR,PET,TOTAL,TR	: 	: 	: 	: 	: 	: 	: 	: 	: 	: 	: 	: 	: 	: 	: 	: 	: 	: 	: 	: 	: 	: 	: 	: 	: 	: 	: 	343157 	264798 	205095 	172076 	175420 	199769 	213082 	224928 	213378 	256506 	210168 	270762 	271453 	259325 	179131 	152008 	319023 	429210 	439007 	704254 
A,NR,PET,TOTAL,UA	: 	: 	: 	: 	: 	: 	: 	: 	: 	: 	: 	: 	: 	: 	: 	: 	: 	: 	: 	: 	: 	: 	: 	: 	: 	: 	: 	: 	: 	: 	: 	: 	: 	: 	: 	: 	: 	: 	: 	: 	: 	: 	36953 	57137 	73470 	25663 	36953 
A,NR,PET,TOTAL,UK	: 	: 	: 	: 	: 	: 	: 	: 	: 	: 	: 	: 	: 	: 	: 	1465659 d	1514099 d	1474300 	1540500 	1658500 	1814865 	1918663 	1940731 	2001417 	2122575 	2042492 	1914153 	1748559 	: 	: @C	: @C	1183062 d	1137889 d	1060883 d	924509 d	: 	: 	: 	1334875 	1390355 	1446500 	1589618 	: 	: 	1226293 	1194409 	1446669 
A,NR,PET,TOTAL,XK	: 	: 	: 	: 	: 	: 	: 	: 	: 	: 	: 	: 	: 	: 	: 	: 	: 	: 	: 	: 	: 	: 	: 	: 	: 	: 	: 	: 	: 	: 	: 	: 	: 	: 	: 	: 	: 	: 	: 	: 	2928 	2126 	0 	: 	2840 	: 	: 
A,NR,TOTAL,TOTAL,AL	: 	: 	: 	: 	: 	: 	: 	: 	: 	: 	: 	: 	: 	: 	: 	: 	: 	: 	: 	: 	: 	: 	: 	: 	: 	: 	: 	: 	: 	: 	: 	: 	: 	: 	: 	: 	: 	: 	: 	: 	: 	: 	42681 	43661 	58208 	49459 	66004 
A,NR,TOTAL,TOTAL,AT	: 	: 	: 	: 	: 	: 	: 	: 	: 	: 	: 	: 	276065 	288636 	303723 	320094 	285162 	273663 	279610 	307671 	275001 	295865 	314182 	309427 	293528 	279493 	300121 	311292 	: 	308594 	298182 	293697 	319403 	328563 	356145 	336010 	319035 	303318 	308555 	329604 	353320 	341068 	329363 	248740 	239803 	215050 	239150 
A,NR,TOTAL,TOTAL,BA	: 	: 	: 	: 	: 	: 	: 	: 	: 	: 	: 	: 	: 	: 	: 	: 	: 	: 	: 	: 	: 	: 	: 	: 	: 	: 	: 	: 	: 	: 	: 	: 	: 	: 	: 	: 	6055 	5976 	5709 	7450 	8164 	8476 	8680 	6505 	7337 	7967 	9027 
A,NR,TOTAL,TOTAL,BE	295701 d	357897 d	423668 	401611 d	352613 	346303 	341243 	354051 	361948 d	397156 	408879 	430520 	443963 	478219 	46766 	485697 	392530 	403981 	370165 	408285 	: 	463724 	504203 	531640 	499779 	472830 	463173 	489346 	484915 	530941 	529606 	540542 	479920 	551661 	577382 	490711 	490369 	487711 	506284 	546142 	553692 	557487 	558003 	439038 	392769 	374597 	484639 i
A,NR,TOTAL,TOTAL,BG	: 	: 	: 	: 	: 	: 	: 	: 	: 	: 	: 	: 	: 	46433 	31093 	44186 	83713 	76529 	56702 	69500 	28166 	70797 	103459 	98185 	117333 	121512 	143480 	150803 	168102 	182095 	348887 	351433 	201304 	186092 	191430 	196614 	15114 	16626 	17271 	20386 	25995 	28584 	32885 	20429 	24467 	28568 	37476 
A,NR,TOTAL,TOTAL,CH	: 	: 	: 	: 	: 	: 	: 	: 	: 	: 	: 	319408 	338969 	322974 	310193 	286289 	256917 	265892 	267975 	272214 	270625 	295165 	314691 	314482 	314580 	293034 	269711 	267476 	260682 	269700 	284000 	288000 	266500 e	296600 	328000 e	334000 	313353 	307403 	330985 	323620 	319765 	304663 	318065 	245510 	250901 	236751 	263514 
A,NR,TOTAL,TOTAL,CY	: 	: 	: 	: 	: 	: 	: 	: 	: 	: 	: 	: 	: 	19532 	17681 	18178 	12968 	13358 	17938 	20402 	20290 	24856 	20133 	19056 	24533 	28101 	29961 	43842 	38676 	37192 	50908 	51410 	37494 	32680 	27929 	20556 	7047 	8271 	10078 	12468 	13118 	13126 	12601 	10237 	10611 	11577 	14637 
A,NR,TOTAL,TOTAL,CZ	: 	: 	: 	: 	: 	: 	: 	: 	: 	: 	: 	: 	: 	: 	: 	: 	: 	: 	: 	: 	: 	: 	: 	: 	: 	: 	144849 	123579 	125166 	120370 	129443 	141954 	160614 	168372 	172787 	174311 	164627 	192923 	229731 	257854 	269622 	259525 	247567 	198400 	205397 	177644 	212662 
A,NR,TOTAL,TOTAL,DE	2107123 d	2106048 d	2623400 	2426187 d	2330335 	2155537 	2426774 	2393939 	2379261 d	2829438 	2915654 	2807939 	2831740 	3040783 	: 	3929558 	3194204 	3209224 	3314061 	3496320 	3528179 	3735987 	3802176 	3378343 	3341718 	3252898 	3236938 	3266826 	3342122 	3467961 	3148163 	3090040 	3807175 	2916260 	3173634 	3082504 	2952431 	3036773 	3206042 	3285904 	3441262 	3435778 	3607258 	2917678 	2622132 	2651357 	2844609 
A,NR,TOTAL,TOTAL,DK	108634 d	115733 d	127114 	73961 d	71778 	85512 	116346 	134478 	157632 d	169492 	124324 	88770 	78453 	80837 	83828 	84170 	82205 	139251 	135058 	142175 	152869 	162708 	144259 	113631 	96114 	111598 	: 	: 	: 	131605 	252183 	184323 	: 	: 	169700 	169851 	180642 	188406 	206653 	222469 	221473 	218475 	225620 	198979 	186592 	149285 	173374 
A,NR,TOTAL,TOTAL,EE	: 	: 	: 	: 	: 	: 	: 	: 	: 	: 	: 	: 	: 	: 	: 	36284 	53168 	51217 	44471 	35621 	9448 	8400 	6864 	10240 	12822 	14701 	15824 	16514 	: 	25372 	30916 	24590 	9948 	10294 	17058 	19422 	19690 	21128 	21064 	23020 	25621 	26299 	27579 	19295 	22610 	20558 	22986 
A,NR,TOTAL,TOTAL,EL	32354 d	60135 d	87169 	41841 d	54879 	91929 	75222 	85945 	109435 d	96181 	74180 	76043 	102314 	132487 	176862 	206652 	155646 	118088 	133757 	141589 	166778 	183657 	268716 	302620 	289943 	277567 	272515 	317508 d	302613 d	304700 d	317879 d	295853 d	244539 d	153847 d	107737 d	64301 d	58659 b	70810 	75497 	78790 	88001 	103322 	114007 	79597 	100274 	105219 	134465 
A,NR,TOTAL,TOTAL,ES	572346 e	573247 e	620652 	574149 d	505716 	535733 	550436 	522229 	575052 d	689051 	928264 	1069220 	1149373 	1007014 	914061 	1008454 	775461 	938971 	870497 	968363 d	1091190 d	1282970 d	1502531 d	1467160 d	1498899 d	1408426 d	: 	: 	: 	1660627 d	1633806 d	1188485 d	971177 d	1000010 d	817688 d	710638 d	742305 	890125 	1047782 	1228412 	1339232 	1439270 	1372821 	927523 	918831 	851525 	983721 
A,NR,TOTAL,TOTAL,EU27_2020	: 	: 	: 	: 	: 	: 	: 	: 	: 	: 	: 	: 	: 	: 	: 	: 	: 	: 	: 	: 	: 	: 	: 	: 	: 	: 	: 	: 	: 	: 	: 	: 	: 	: 	: 	: 	9637545 	10064368 	11107413 	11982392 	12795786 	13017959 	13235768 	10131016 	9881857 	9360702 	10654649 
A,NR,TOTAL,TOTAL,FI	: 	: 	: 	: 	: 	: 	: 	: 	: 	: 	: 	: 	177610 	139742 d	92979 d	68891 d	56003 d	67434 d	80145 	96163 d	104963 d	126386 d	137017 d	135243 d	109911 d	117486 d	148020 d	143160 d	: 	146201 d	126022 d	140216 d	90923 d	112418 	126651 	111664 	103450 	106235 	108819 	119000 	118587 	120505 	114202 	96418 	98485 	81700 	87509 
A,NR,TOTAL,TOTAL,FR	1296240 d	1482310 d	1976391 	1873202 d	1834646 	2056490 	2017617 	1757673 	1766328 d	1911521 	2105180 	2217149 	2274307 	2309130 	2031274 	2105700 	1721222 	1972919 	1930504 	2132091 	1713030 	1943553 	2148423 	2133884 	2254732 	2145071 	2009246 	2013709 	: 	2000549 	2064543 	2050283 	2269011 	2210186 	2160928 	1857013 	1756953 	1765855 	1886229 	1984471 	2157670 	2223581 	2258277 	1693530 	1708675 	1576950 	1841326 
A,NR,TOTAL,TOTAL,GE	: 	: 	: 	: 	: 	: 	: 	: 	: 	: 	: 	: 	: 	: 	: 	: 	: 	: 	: 	: 	: 	: 	: 	: 	: 	: 	: 	: 	: 	: 	: 	: 	: 	: 	: 	: 	: 	: 	: 	: 	2731 	3432 	2396 	2396 	3551 	5419 	6422 
A,NR,TOTAL,TOTAL,HR	: 	46420 	: 	54955 	: 	: 	: 	: 	41738 	: 	: 	: 	: 	66214 	85813 	31928 	59337 	58499 	67576 	73584 	109144 	85893 	89846 	92759 	108484 	94989 	104399 	99863 	101916 	114680 	108015 	96712 	53569 	46437 	48883 	40825 	27802 b	33997 i	34820 i	43015 i	50412 i	59856 i	62975 i	36047 i	35246 	37044 	43866 
A,NR,TOTAL,TOTAL,HU	: 	: 	: 	: 	: 	: 	: 	: 	: 	: 	: 	: 	: 	143073 	: 	45122 	63058 	45833 	55970 	62660 	70827 	101328 	126085 	130323 	137771 	160238 	190107 	188488 	: 	151670 	136032 	176678 	: @C	61324 	45546 	53501 	56510 	68016 	77414 	96735 	116305 	136755 	158167 	128196 	122080 	111631 	107860 
A,NR,TOTAL,TOTAL,IE	52947 	: 	: 	91728 	: 	: 	: 	: 	59592 	: 	: 	: 	: 	83420 	68533 	67861 	60792 	77773 	82730 	109333 	125818 	138538 	170322 	225269 	160908 	150485 	142992 	149635 	166270 	173273 	193915 	158350 	59358 	105343 	104022 	77506 	74960 	84136 	129959 	149763 	133579 	128549 	126104 	92393 	108615 	107620 	125530 
A,NR,TOTAL,TOTAL,IS	: 	: 	: 	: 	: 	: 	: 	: 	: 	: 	: 	: 	: 	: 	: 	: 	5662 	5570 	6931 	9515 	11734 	15064 	17007 	14769 	7669 	7375 	10833 	13927 e	22141 	: 	: 	: 	: 	: 	: 	: 	7274 i	9536 i	14029 i	18442 i	25900 	21227 	13636 	10622 	15787 	16673 	17543 
A,NR,TOTAL,TOTAL,IT	1363594 d	1050947 d	1397039 	1530488 d	1808476 	1851174 	1451512 	1572402 	1653217 d	1854618 	2037031 	2167362 	2391966 	2395909 	2217257 	2341402 	1645162 	1610561 	1766101 	1843366 	2389892 	2437718 p	2312309 	2359674 	2379980 	2224764 	2516972 	2743769 	2441978 	2541570 	2514905 	2193822 	2176940 	1971830 	1764592 	1403043 	1311334 	1376185 	1593857 	1848841 	1993826 	1944312 	1948479 	1437259 	1518876 	1335690 	1581156 
A,NR,TOTAL,TOTAL,LI	: 	: 	: 	: 	: 	: 	: 	: 	: 	: 	: 	: 	: 	: 	: 	: 	: 	: 	2 	2 	2 	2 	2 	1937 	2065 	2074 	1770 	1790 	: 	1890 	1990 	2005 	1620 	1782 	2029 	2108 	1920 	1800 	2049 	1984 	2024 	1849 	1953 	1510 	1627 	1524 	1590 
A,NR,TOTAL,TOTAL,LT	: 	: 	: 	: 	: 	: 	: 	: 	: 	: 	: 	: 	: 	: 	: 	: 	: 	: 	154850 	122142 	173057 	147105 	142069 	115808 	71328 	93305 	118263 	134612 	173644 	185271 	220236 d	191768 	136803 	161266 	132117 	153024 d	12257 	11699 	13757 	16402 	19083 	21678 	25609 	40878 	28209 	24115 	26866 
A,NR,TOTAL,TOTAL,LU	11633 d	17356 d	22796 	22440 d	23008 	25796 	26482 	28597 	29235 d	32960 	32660 	33847 	34382 	38648 	44055 	37133 	30679 	30124 	: 	: 	: 	36353 	40989 	42304 	43164 	43677 	43765 	48273 	48517 	50837 	51332 	52359 	47264 	49726 	49881 	50398 	46624 	49793 	46473 	50561 	52775 	52811 	55008 	45189 	44372 	42094 	49155 
A,NR,TOTAL,TOTAL,LV	: 	: 	: 	: 	: 	: 	: 	: 	: 	: 	: 	: 	: 	: 	: 	: 	: 	: 	49322 	52112 	71513 	57363 	45861 	35745 	37850 	40335 	50290 	57474 	69704 	97399 	107003 	54759 	17288 	26656 	43468 	50135 	11070 	13173 	14291 	16768 	17064 	17185 	18537 	13725 	14621 	16715 	18451 
A,NR,TOTAL,TOTAL,MD	: 	: 	: 	: 	: 	: 	: 	: 	: 	: 	: 	: 	: 	: 	: 	: 	: 	: 	: 	: 	: 	: 	: 	: 	: 	: 	: 	: 	: 	: 	: 	: 	: 	: 	: 	: 	29698 	24843 	17031 	17208 	42225 	27009 	32733 	30339 	41021 	31391 	46033 
A,NR,TOTAL,TOTAL,ME	: 	: 	: 	: 	: 	: 	: 	: 	: 	: 	: 	: 	: 	: 	: 	: 	: 	: 	: 	: 	: 	: 	: 	: 	: 	: 	: 	: 	: 	: 	: 	: 	: 	: 	: 	: 	: 	1864 	2217 	2300 	2979 	3225 	3196 	3981 	2990 	4066 	: 
A,NR,TOTAL,TOTAL,MK	: 	: 	: 	: 	: 	: 	: 	: 	: 	: 	: 	: 	: 	13809 	13069 	4802 	8361 	10152 	14268 	13270 	8911 	8676 	9840 	13763 	4755 	32641 	: 	: 	15894 	12450 	16914 	17914 	13113 	49291 	40090 	32870 	31927 	29766 	29308 	30423 	26609 	33072 	39217 	29952 	39427 	28018 	35509 
A,NR,TOTAL,TOTAL,MT	: 	: 	: 	: 	: 	: 	: 	: 	: 	: 	: 	: 	: 	8218 	: 	: 	: 	: 	10102 	10624 	9226 	10750 	13341 	13055 	10295 	10267 	: 	: 	10058 	9966 	9574 	9542 d	15816 	13605 	15875 	13037 	5749 i	6451 i	7168 	7306 	7776 	8175 	7698 	4602 	5250 	6429 	7464 
A,NR,TOTAL,TOTAL,NL	432231 d	450220 d	575059 	450974 d	389312 	406774 	459131 	461391 	495685 d	560512 	555743 	482617 	495653 	502671 	490407 	492130 	391934 	433913 	: 	: 	478318 	543110 	611776 	597623 	530287 	510744 	488977 	483885 	465196 	483999 	505779 	500098 	387408 	482633 	555846 	502479 	416717 	387568 	448906 	382512 	414306 	443529 	445218 	355432 	322318 	312070 	369608 
A,NR,TOTAL,TOTAL,NO	: 	: 	: 	: 	: 	: 	: 	: 	: 	: 	: 	70611 	56944 	63668 	55111 	61648 	63988 	91336 	97880 	146835 	154654 	141090 	123843 	126978 	: 	: 	: 	145538 	: 	142572 	162970 	138241 	125903 	159374 	168552 	171828 	150018 	149963 	158577 	160404 	167692 	158837 	148682 	157503 	182618 	180864 	128731 
A,NR,TOTAL,TOTAL,PL	: 	: 	: 	: 	: 	: 	: 	: 	: 	: 	: 	: 	: 	358055 	734885 	471026 	477353 	486600 	450769 	627349 	722245 	557783 	599250 	519407 	450095 	421167 	274392 	833021 d	979082 	923783 	1128684 	1280633 	864295 	873098 	928457 	273211 i	290983 i	282359 i	356337 i	418058 i	490651 i	540396 i	561153 i	432394 i	450831 i	421565 	477258 i
A,NR,TOTAL,TOTAL,PT	83800 e	90167 e	77281 	97034 d	123149 	129631 	113632 	103264 	104423 d	114400 	938889 	208629 	192772 	212348 d	231176 d	280035 d	248462 d	243254 d	228812 d	268542 d	287730 d	323981 d	351575 d	340397 d	302763 d	267374 d	: 	: 	: 	: 	: 	: 	181132 	248813 	177183 	110002 	105921 i	142826 i	178495 i	207330 i	224037 	228139 	223674 	145270 	146641 	158258 	200237 
A,NR,TOTAL,TOTAL,RO	: 	: 	: 	: 	: 	: 	: 	: 	: 	: 	: 	: 	: 	: 	: 	: 	: 	: 	: 	: 	125142 	105986 	90047 	: 	: 	: 	: 	149290 	179531 	312515 	436349 	586476 	328880 	309952 	176555 	66789 	57700 	70175 	81175 	95181 	106873 	130921 	161564 	126329 	121210 	129324 	144609 
A,NR,TOTAL,TOTAL,RS	: 	: 	: 	: 	: 	: 	: 	: 	: 	: 	: 	: 	: 	: 	: 	: 	: 	: 	: 	: 	: 	: 	: 	: 	: 	: 	: 	: 	: 	: 	: 	: 	: 	: 	: 	: 	: 	: 	30572 	34461 	40461 	43954 	49926 	45061 	41301 	42256 	45960 
A,NR,TOTAL,TOTAL,SE	: 	: 	: 	: 	: 	: 	: 	: 	: 	: 	: 	: 	314126 	235192 	191755 	157295 	127738 	159578 	175061 	200154 	258944 	286671 	327710 	342965 	280280 	281446 	293035 	297405 	297050 	300502 	321705 	257806 	228519 	308718 	326615 	301316 	292162 	324030 	361908 	387997 	392717 	365513 	366946 	293771 	303906 	289779 	290768 
A,NR,TOTAL,TOTAL,SI	: 	: 	: 	: 	: 	: 	: 	: 	: 	: 	: 	: 	: 	: 	: 	31191 	59878 	47217 	61700 	59358 	64357 	67133 	77217 	55120 	52316 	50859 	59881 	62697 	60531 	59885 	67791 	71037 	57391 	60777 	59813 	49700 	51968 	54086 	60668 	64899 	72477 	74518 	72710 	53367 	53428 	45679 	48455 
A,NR,TOTAL,TOTAL,SK	: 	: 	: 	: 	: 	: 	: 	: 	: 	: 	: 	: 	: 	: 	: 	: 	41694 	: 	: 	107576 	85551 	76007 	58152 	54352 	66759 	67298 	71954 	71954 	: 	: 	146292 	151814 	148370 	126663 	130772 	130818 	65466 	71693 	78180 	88504 	96312 	98602 	101743 	76300 	75608 	78659 	86812 
A,NR,TOTAL,TOTAL,TR	: 	: 	: 	: 	: 	: 	: 	: 	: 	: 	: 	: 	: 	218059 	: 	317044 	441534 	244289 	200658 	219230 	299108 	271843 	: 	354013 	117196 	170191 	176217 	432728 	406807 	396542 	353495 	353168 	357986 	485619 	602248 	565791 	654905 	585814 	746395 	746074 	741902 	526235 	386748 	601525 	614037 	566280 	945768 
A,NR,TOTAL,TOTAL,UA	: 	: 	: 	: 	: 	: 	: 	: 	: 	: 	: 	: 	: 	: 	: 	: 	: 	: 	: 	: 	: 	: 	: 	: 	: 	: 	: 	: 	: 	: 	: 	: 	: 	: 	: 	: 	: 	: 	: 	: 	: 	: 	62951 	88797 	107771 	39090 	62951 
A,NR,TOTAL,TOTAL,UK	1116196 d	1197206 d	1764437 	1566459 d	1539586 	1676982 	1938169 	1893313 	1983096 d	2024992 	2166201 	2382480 	2480048 	2075982 	1665664 	1663846 	1845714 	1982929 	1938100 	2105914 	2250870 	2362589 	2414660 	2432149 	2663288 	2756342 	2720096 	2668449 d	: 	: @C	: @C	2112000 d	1968000 d	1996324 d	1907411 d	: 	2264737 i	2476435 i	2602146 	2665251 	2509330 	2341505 	2311140 i	1631064 i	1640224 	1613141 	1899737 
A,NR,TOTAL,TOTAL,XK	: 	: 	: 	: 	: 	: 	: 	: 	: 	: 	: 	: 	: 	: 	: 	: 	: 	: 	: 	: 	: 	: 	: 	: 	: 	: 	: 	: 	: 	: 	: 	: 	: 	: 	: 	: 	: 	: 	: 	: 	19500 	9842 	22587 	: 	27171 	: 	: 
